Spot,Place,Place_website,place_thumb,Place_mark,Place_Lat,
Cheonggyecheon,stubbornness of bull,"https://www.google.com/search?source=hp&ei=pdbhX8K6JI7r-Qb9gq6ACA&q=%ED%99%A9%EC%86%8C%EA%B3%A0%EC%A7%91&oq=%ED%99%A9%EC%86%8C%EA%B3%A0%EC%A7%91&gs_lcp=CgZwc3ktYWIQAzICCAAyAggAMgIIADICCAAyAggAMgIIADICCAAyAggAMgIIADICCABQ_wxYrRlgnxpoAnAAeAOAAbMCiAHQD5IBBzAuNS40LjGYAQCgAQGqAQdnd3Mtd2l6&sclient=psy-ab&ved=2ahUKEwj5qO6tvOHtAhVD7WEKHZNUBZ4QvS4wAHoECAIQKg&uact=5&tbs=lf:1,lf_ui:9&tbm=lcl&rflfq=1&num=10&rldimm=17422615314753203105&lqi=Cgztmanshozqs6Dsp5FaHgoN7Zmp7IaMIOqzoOynkSIN7Zmp7IaMIOqzoOynkQ&phdesc=0rXt4So01Mg&rlst=f#rlfi=hd:;si:17422615314753203105,l,Cgztmanshozqs6Dsp5FaHgoN7Zmp7IaMIOqzoOynkSIN7Zmp7IaMIOqzoOynkQ,y,0rXt4So01Mg;mv:[[37.6304251,127.20212710000001],[37.316088199999996,126.67313379999999]];tbs:lrf:!1m4!1u3!2m2!3m1!1e1!1m4!1u2!2m2!2m1!1e1!2m1!1e2!2m1!1e3!3sIAE,lf:1,lf_ui:9",https://media-cdn.tripadvisor.com/media/photo-s/09/04/f0/7d/caption.jpg,https://img.icons8.com/plasticine/2x/restaurant.png,37.5685625,126.986052
Cheonggyecheon,Hanbit Square,"https://www.google.com/maps/place/Hanbit+Media+Park/@37.5681223,126.9830803,17z/data=!4m5!3m4!1s0x357ca2ef4be20815:0x69fb132d0b57728d!8m2!3d37.5681181!4d126.9852743?hl=en",https://www.culture.go.kr/upload/culSpace/place_202007229392887857.jpg,https://cdn.icon-icons.com/icons2/317/PNG/512/map-marker-icon_34392.png,37.5681179,126.9852738
Cheonggyecheon,Gwangtonggyo Bridge,"https://www.google.com/maps/place/Gwangtonggyo+Bridge/@37.5691177,126.9789705,17z/data=!3m1!4b1!4m5!3m4!1s0x357ca2eea6e71537:0x346d6af589329f78!8m2!3d37.5691135!4d126.9811645?hl=en",https://lh3.googleusercontent.com/proxy/j7Pf6GIy-rQ4D3V_Gb04emCVMGpqJ0iP1kUDCiJt-PwamLktxs7lkoYfSZzW71vVYPz7R121H18Ob4nP0vx3Djd-XQUPWLEdm_UiG5u_g3KFf-7eEecd31GW-1El5_cY1O8gvn9LcdvnLObJmxrK4_FGPDaXrHbz5_fxcOE,https://cdn.icon-icons.com/icons2/317/PNG/512/map-marker-icon_34392.png,37.5691135,126.9811645
Cheonggyecheon,Cheonggye Square,"https://www.google.com/maps/place/Cheonggye+Square/@37.5692331,126.9757199,17z/data=!3m1!4b1!4m5!3m4!1s0x357ca2ece37bcc93:0x99bd4436f756585d!8m2!3d37.5692289!4d126.9779139?hl=en",https://lh5.googleusercontent.com/p/AF1QipOX2gJDrdC_jTD4RkRG7hwE-7yIgKvnXqNBnqog=w408-h306-k-no,https://cdn.icon-icons.com/icons2/317/PNG/512/map-marker-icon_34392.png,37.569215,126.977871
Cheonggyecheon,Korea Tourism Organization,"https://www.google.com/maps/place/Korea+Tourism+Organisation/@37.5691548,126.9823718,17.43z/data=!4m8!1m2!2m1!1sTourism+Information+Exhibition+Hall+of+the+Korea+Tourism+Organization!3m4!1s0x357ca31f098f443d:0x1f3e0561f4eb6846!8m2!3d37.5685381!4d126.9818097?hl=en",https://lh5.googleusercontent.com/p/AF1QipP4SBI_URsfOkZQRezQOeXcldzdv45Y1f0aTam7=w408-h306-k-no,https://www.svgrepo.com/show/82166/info.svg,37.568568,126.981585
Cheonggyecheon,Bosingak,"https://www.google.com/maps/place/Bosingak/@37.5698029,126.9815227,17z/data=!3m1!4b1!4m5!3m4!1s0x357ca2e927b70aa5:0x41fbcab49144ffcd!8m2!3d37.5697987!4d126.9837167?hl=en",https://lh5.googleusercontent.com/p/AF1QipNNOT8MLvsXEWN0oW0vhO_3X4XreQ9Vxm6Rmk7s=w408-h306-k-no,https://cdn.icon-icons.com/icons2/317/PNG/512/map-marker-icon_34392.png,37.569785,126.983733
Cheonggyecheon,Ilmin Museum of Art,"https://www.google.com/maps/place/Ilmin+Museum+of+Art/@37.5688188,126.9771544,17z/data=!4m5!3m4!1s0x357ca2ecf019c513:0xcd8ce1b39767d509!8m2!3d37.569784!4d126.977664?hl=en",https://lh5.googleusercontent.com/p/AF1QipP6dgNWQQ1FWKiA6DlyeVF5k494vgnHBM35Bl4-=w426-h240-k-no,https://cdn.icon-icons.com/icons2/317/PNG/512/map-marker-icon_34392.png,37.569831,126.977711
Cheonggyecheon,Yeongdeok Restaurant ,"https://www.google.com/maps/place/%EC%98%81%EB%8D%95%ED%9A%8C%EC%8B%9D%EB%8B%B9/@37.5688397,126.9705615,15z/data=!4m8!1m2!2m1!1z7JiB642V7Iud64u5!3m4!1s0x357ca2ec486594bd:0x215aaf08ae56b10f!8m2!3d37.568729!4d126.9794971?hl=en",https://lh5.googleusercontent.com/p/AF1QipNLwfakaihW9R1OksjAk4ePAetkQ8fD3krGLKU=w408-h306-k-no, https://img.icons8.com/plasticine/2x/restaurant.png,37.567465,126.981386
Cheonggyecheon,Daeryeon House,"https://www.google.com/maps/place/Daelyeonjib/@37.568369,126.986677,17z/data=!3m1!4b1!4m5!3m4!1s0x357ca2e65f645309:0xdca7fc1f03706d63!8m2!3d37.5683648!4d126.988871?hl=en",https://lh5.googleusercontent.com/p/AF1QipNl41nh08WFq5chDRLfoEGWSiPwbj-ozjVf3X6W=w408-h306-k-no, https://img.icons8.com/plasticine/2x/restaurant.png,37.568356,126.988874
Cheonggyecheon,Lee Kang Soon Restaurant,"https://www.google.com/maps/place/%EB%B3%B8%EC%A0%90+%EC%9D%B4%EA%B0%95%EC%88%9C%EC%8B%A4%EB%B9%84%EC%A7%91-%EA%B4%80%EC%B2%A0%EB%8F%99/@37.5683775,126.9866662,17z/data=!4m8!1m2!2m1!1z7J206rCV7Iic7Iuk67mE7KeR!3m4!1s0x357ca2e8a8e31097:0xe8adadd17b594c8e!8m2!3d37.5685628!4d126.9860201?hl=en",https://lh5.googleusercontent.com/p/AF1QipMTtpAomCMWxNvfFVfl_bPKJDRXnoN6dUCfOyV6=w408-h274-k-no, https://img.icons8.com/plasticine/2x/restaurant.png,37.568556,126.986009
Cheonggyecheon,Euljiro 1-ga station,http://www.seoulmetro.co.kr/en/cyberStation.do?menuIdx=337#stationInfo,https://encrypted-tbn0.gstatic.com/images?q=tbn:ANd9GcQfzfhQ5R6tYDuMIyj4H39asQoCw-fB_ilbxw&usqp=CAU,https://awikifile.theseed.io/1d/1d6680cca4a10bd38d56b2b08ffcda429976c26a1465ad02b522f996488c2e84.png,37.5660011,126.9825945
Cheonggyecheon,Euljiro 3-ga station,http://www.seoulmetro.co.kr/en/cyberStation.do?menuIdx=337#stationInfo,"data:image/jpeg;base64,/9j/4AAQSkZJRgABAQAAAQABAAD/2wCEAAkGBxMSEhUSExIVFhUWFxUWFRUVFRUVFhUVFhUYFhYVFRcZHSggGBolHRUXITEhJSkrLi4uFx8zODMtNygtLisBCgoKDg0OGxAQGy0lHyYtLS0tLS0tLS0tLS0tLS0tLS0tLS0tLS0tLS0tLS4tLS0tLS0tLS0tLS0tLS0tLS0tLf/AABEIAMIBAwMBIgACEQEDEQH/xAAcAAAABwEBAAAAAAAAAAAAAAAAAQIDBAUGBwj/xABHEAACAQIEAgcFBAgDBgcBAAABAhEAAwQSITEFQQYTIlFhcZEHMoGhwSNCUrEUYnKCktHh8CQzshVTc6LC8RYlNENjs9LT/8QAGQEAAwEBAQAAAAAAAAAAAAAAAAECAwQF/8QAKhEAAgIBBAEDAwQDAAAAAAAAAAECESEDEjFBURMiMmGx8ARCgZEjM8H/2gAMAwEAAhEDEQA/AOe2Rmuk8lEfH+5p+/h83aUww2Pf4HwouHW+zJ3Yk1LivSirjk45OngiWrgaVYQ3NTz8R3imhNk8zb+a/wBKl4jDhh3EbEbio5vkStwQQCfBh4fyqXjn+xp2C22a4SNQAB661KAqqwLMgzRK7MBuPEetW1lgwkGQaNOVoJqgFARB2pvheFNzF2LUzN60P3VYOwPfoDUoLVh7PeHtdxy3cspazuW0gMysiDvMyx/donyhw7OtxRUqhFWQACm2FO021ADLCmytPsKbIqrJGgtLC0dKAp2AQFHFChQIEUKMCjIjU7UWMApYNUmM6T4W3P2odhpltDrGn4aD1qrv9MmP+VZjxuMP9K/zrKWtCPLNI6cnwjYRVc4y4oaf5tkgnlNlwQPMi+38NVXRrjV27cy3WU5gYhcsEawPCAauuJLBtXPwXVHmLgNmPKbin92qjNSVoTjTpisRi7dtWd2AVDDHuMAgRuSZEAbzVYmAbFXBdviLKGbVg7M4/wDcvcmI2C7DU66GkcUT7bRS+3ZElxJZma0Ns0MPgImJBteF8UsXwVtNqmjWypR0jSGtsAy+lJStg1RMihlpYWlC3VWTQzlpQWnhbpQtUWFDIWnVSnMtHFTZVDcUKXQoA4JbWAB3CKXRClCtDMMVH4ioNsyNtvPlUionENQqfiYD4c6ifxKjyM4Um3CuIB1DcpPI9xpb2TbOdBI+8n1Xxqc1sMIIkHlUYE2jDSU5NzXwbw8ahqkWnY6t4FC4MiCa3nspw2XCu/47kDxCqPqzVzjiFsL2kMZ9GA2Okz511/oJherwNgd6l/42LD5EUruQ6qJe0VKNJqyAGkmjompiEGkUqhFMQmKBNGaLLTEFSwlLS3S4pWOhIWs308tzZtjkbmonQ9honvrTCs505P2NsnYXRP8AA5+lZ6vwZpp/JGE4gFtKoIIUhoCgbjLGh0O50o+DTcJIQhQIM+8SWJWRAG07TUi7xvDuVRUuXWBkKnZBIB3JgwN/hNQuJ8cvWyMti1azLowy3CyzHvgwdRXjJzl7ap/V/wDOT0nsWbL/AIc/V3A34SG+AgkfESPjW6x1kvadV3KnKf1o7J+Bg1yPgPGXNwK/azEgsdCJHcNNK7Bw8/ZWz+ov+kV6n6e1GmcGq03aKDB4m62OBOQWbiZ7YElmBtAhidgfeERyq54pwG1iIZgUuL7l62cl1PJhuPAyKobHC4xdq5Lko5TLnhUROsRYXaMjqxHefKtkBWke0TLoq8Ncu2FAxDdaBvfVcsDvu2xt+0sjckLUzA8Qs3hNq6j/ALLA/IVIa0GBUgEEEEHUEHQg+FYjhXs4WxiVvLfPVowdVAh9NQpaduRPMSOdN2uBKjdAUcUdHQAijilAUsJRYIay0Kdy0KLHR5/AprFXigkKW8qRbxJByuIPf90/yqVWt7lgyarkg2eKIxgnKe4/zpbHNdXmFUn4nSpWQdwqHhUDM7eMDltUO8JlKssnrSiKYFsjZz5MAw+h+dHnYbrP7J19D/M1ZBX47DZSoUmNcq9x028K7zw/D9Xbt2x9xFX+FQPpXF+G2+uxmHQbF0nyzS3yFdwFYpK3Rq26QGpNGTRVZIVIalmkUITEijowKUFpiE5aWFo1SlsKVjobo6EUoLTASBWT9ppIwYIMfapt4q4+tbALWV9p9v8AwJPdct/UfWok8FLk4/h0lgOzv99gimNYZiRAO24qz40wZLUKuZFYObWbqgpbsKs6TqZI0Jbmag8MxItuTAMqygFc2rabSPGp3G1vKoN23dQPoC/ZBKakFeTdvUEzqNNq86dvUR0xrYyJwtoceddy4E+axbP6sehI+lcK4ee18QfmBXbeiL5sMvgz/Ni31rs0nkxnwQOM3TbxuGIJCvcGbuY3E6uD5dUp+NawVkenqFBhb3K3fWfCe0D/AMhH71bCK1XLJfCAKUKIClAUCDigBRgUsLSsYFpQoAUsCpbKQiKFGaFAzz7dtAiCKh9W1v3dV/CeXlVmVourrZqzFOiB+lAqTzAMjnQ4ekIPHX1pHGMOIBjtEhR8aO1eKQtwabBht8e6oUvdkpr24JlHRqJ1FHFbGJP6BYfrOIhvwK7ei5Pzeut1zf2TWZfEXo5Ko/fYsf8AQtdHJrCPk3l4CNCgBRmqIENQAowKcVaAEhaUFpcUCaVjABFINHSgKACVaXFKC0oCix0IVazHtOT/AAD+D2v9YH1rWisv7TB/5dd8Gtf/AGoPrUSeCkjjPBsQtu9bdxIV0IOYpkIYEOSonsxMCtZ0v4nhr1gjBhGFty11lsgIiXDkLKXQZWa4U7S6mdax3D7wS4rsWAUycgQtsfdzgqD4kGN4MRWj4nxR7yX7t3D3bQu2LdlWi69pmt4izctgM47JyWnntHMZOkmuDVj/AJFL8/o2i8UZrCntV2zoGf8ADsO65p5Natt+ZNcQsHWuz+zq5Nu4Jn/LbykMsf8AJXXDkzfBO6eWM+Avd6hXHhkdSfkD61eYC5nt23/EiN/EoP1qq6Z31t4HEs4JHVMsKJMv2F+EsJ8K5z0V6XY4FLYe2yAWwqPkUwhUFUYxJySSNT2ZEQZ0bpiStHZAKUBVJg+MXmnrMKbUfiurJgAmBG2sTNWFrGMQCbLr5wf9MmnYUTRRxUNsaBuCPErcA9SkUE4gh0DIT3Bp+lSMmRQmmetPh8SR9KLrfFfWgQ7moUz1n6y+v9aFMDiEUYFLy0WWtzArMb2r1tO6WP0/KpdyyCNaiYTtX7jfhhB9fmKsWFZx7Zb6RV/ozW9bZ05odj5d1KfHKUb7rAHsnfu076sAn8viareM2gAJGuaPEd/5Upe1YGsvJ0T2XYXJhGb8dwn4Kqr+YateaqOh+HyYKwO9M/xcl/8Aqq4inHgUnkNaI0YFKC0xAVaXFGoo4qRiYoRSwtGFosBIWlgUIpQFKxgFLWiVaXFJspIKsz7SFnh1/wAOqPpeStPFUHtASeHYkfqqfS4p+lS2UkcDsKC4BcIJ95g5CxrsgLeg/nW56T8Ws3rJPU4oW3YMbgshLbMC3Vql45c4ALDtox3g1gX51frjA+Fu2kz3XYJda4UFsotgdsO/WN1yqpyqsQBBAB0rj1oJyTLi8NFHZ3rr/sxOjfrW0P8ACxH/AFCuPIdRXSvZ9i2Q9kSzW7iroSA2a2QzeAAJidYjciuiJJv8bhUxTG00Nat6XFOoe4ydlD4KGDnxKdxrl3Q5SmJe1zKYi3+91TH81rr3D8MLSBB4lidSzMczMTzJJJmuS2j1HF2HL9Ib0d2H5OKuQI7DZuBlDDZgCPIiaPqxyEeWn5VE4WfskH4RkPmhyH5rUuaokEHkfUT/ACpFwToyhh8D8jS5oUwIn6JZ/wB2qnvC5D/Ev86cXBruGueYu3CPQsRT4oFB3a9/P1oAY/R2/wB9c9LX/wDOjp7q/E+tCgDiSXlLlBOYAEiDse47GlXyFUsdgCfSs1b49LZ2AGgCkDmNweZU93KpfE+NK1iARmcaj8I5j+++j1VRHpux/gdv7PMd3ZmPrH0qbduKNyBGp8qz2I46ERbdsHsgAt3x+H486jpfNsFnOa43aAP3Z1Bb6ClHU6Rp6du2XTX1e4ivsdVQ+WjOPyH12RxcEuiDU66eJ0X51nOuObOSc0zPORrWo6KqcTjMOWjW4maO5DnM90hT6iib6Go5s7dh8OEVUGyqFHkBH0p0pS3IAk7Uy19fxDSB4SeU9/hyqrMmhSilUUUa0xBqKXQAo6QwxSooKKXlqbKEBaWBRqtKpWOhMURBpYNHU2VQ2Kpum6f+X4n/AITH0g/Sr2Kpumi/4DF/8C6fRCfpQB53V4cGSsMDKiSIMyoJEkedXVvpEzXQXZsiWcRat9Yeuablt+0+YEMWcrIjKBAiBVTbVDJZWME7bQYAk8talJZgE9SIDASzDQkDQgSSNQf3qwmovkqNlebhLSdyZOgGpMnQaCuh+zW4OvtA97iNf927SeW6r61icUpCN2bY7U6AyACBA7h9K03s/uRiLJ/+UD+Ps/Wri7EztZrjXTlDa4o9w6AG3cG34Ek+qmuz1yH2m8LW3jRcGaL6ZmBOmYShy92gX4zWkuBR5NVZ9oGBXN27kZmIIs3IIY5jqRpqxp237Q8AR/mOG5IbbZiO8ASI+NVPRr2f4FlR7i3LpazZujrLjAA3M+YQmUEDKN5rccM4TZwylLFpLSkyQihZMASY3MAelNNg0jP/APjZW0tYLG3O4iwwX+I7Uf8At7iD/wCXwtgO+7ftL6iQa1gWlBadioyP/nLnRcFaHi1x2HoCDR/7B4m/v8TVBzFrDr8mJFa8ClRU2NGO/wDB146nimMnnDAD4DlR1pr2PtIxVrigjcE67TRUWOmeT8woyw5mmSaOAfCsDUkWrpEa7TG2k+O9OG4W7RM953M1EGlLzzVRk4u0IcD9xqy4Hxp8NdW6kZlMgNOUmCBIG8TNVIfkKUpApW7sDY3OnGJJdjduO1xQH1CKpmPsgvuwvMayZ5A09wPpWwuzecC2FUBRLkKMvYtjNlBIESxMSfGsYLgju8qNWHKnuZNI6RxXp9duXwMMrwDkROy2dpIY5hrJn3gdp7ya0vAsLjrgz4nq7FoLpbntNpBYiSqCAIjlIgSZ5Na6RYlRaVLzr1U9VEDJm0JkCToTvMcqveDXbF3EKcXjLlz3Zy9ZDOZzKWfXKNO4TsO+1IlxO1YTGoTkQyBoGBzAnXNqOQiJ2kwNiBNBqg4HdwqgW7K5VUFlk5jIJDQZJMaagneNNqsreOQsFk5iYyxrMSdu7YnYHSZ0rSzOieDS5poGjzUmxpDmeizUS0rLU2WkBTSg1JCUeWlY6HVqs6VpOCxQ78Pf/wDqarJaicctzhr477N0ettqVhR5pRl1lokjTKDIg/zP97OfpaaZjcbaZcwTzjXT+g1qMqZmA749I1NXuCw3YByEar7rASCwHIyTuKy1JKJG6imN5IMW9SIkmYJ1kafD4Vpeht7LcQ91y238LA/T86oOLYUplJADHeIg9x00nQz8Oc1YdHASSAdcpI81UkVcWnG0NO8no7JXOfbDh/8A0tzuNxD8chH5NXR7bZgG7wD6iaw/tYtM2DV8sC3dU6kZtVddhoBJHP4VdlE7oRdzYbCn/wCK7bPnbuKFHpmrTxXO+gmOtrhFd/8A2sQ2+oCtb0gscqnM/eCYrolCYgRR0ktSC9MB6jmo+ahmooLMRj7me47HcsfhroKOl8XULeceM/xdr60Kko8+Xd4pval3NyfGiNZliJo5omFFQAuaUwIiQROokbjUSPQ+lN1teg17AkkYsWiQoyviBKKF1yKiXBmJJJzEEmT40wMbrR561vTHg+Atp1uFxlt3Zs3UIGOVG5AyYInY5dNNxrmMXhDafq3K5hlnKwcCQDGZZBMHlNAhPWGnreKZdiRyMHcdx7x4VEmlpQI0nRx8RdfqrNxwWIJC5+XM5BMCu5dG+CjDWVWczwCzMO1t7upJgbAToNK430H6TvhJRLVtsx3aEYtMDNc3ygT2R3nUb12jo9i7t62Lt0KJEBUkjvJkgEjaP7JqLJaLQChFHR1VioNDTqmmQtLUGpbKQ+BSoppUNKg1NlUOgimMeJtXB3o4/wCU04q1GvJ1gZfuQQf1z3fs9/fttMlhR5ezwQRuIIq2w+LuMsLmjQRkQjTYBjExFVCics8wsnzrW4W3C6RAG3kNvn+VZ68kuh6GgtXlma4jfZmAZcuXYQF35wABrHLu+NWnRW8FuoTtMHyOh/OldILQ6uSQSG0jlO4+v7tQ+AEdYk7ZhPlNVpyUoC1dLZLbZ6P6PXg+FsNMnqrcx35BPzrAe03i12buFK9jstnJPergACF8NZPlWt6L4Gy+EslrVtioZMxRS3YuMm8T92uf+03BLbxciAGsIVzEt2s1xSFLHTZNqqwroy+BxGUCBJ0jUADTWSdvgDXeOHYnrbNq5+O2j/xKD9a8/wCBhjlChzPuyOU6mfOu2dCL2fA2dpUMhjYZGKgegFNPImsF0xpBNLNIarshoTNHNNu4G5A89KbOKT8Q9aHJAos5r0rwt84u6d5IggsBGURpHdFCt/eayxJJBJ8D5UKndHyaZ8HmG4tIWpeItQT4VGFs8hUIEHFNusVKt4VzsjH90+f5U1fUjQiD3GgZHijijFSxw9iiur23LGOrRpujfe3E8uU70ARaTFaS10F4i1sXRhLmUzAJQNpOpQnMNuYquxPAcTbIVrLAnaMrDylSRPhvTEVopy21XHDui+KutpYuKNNWQgfPetx0Pw9hrz2cacOyxCzh7KL1imDFwLG07kg0AYTh2EbMpKXAGEoQuUNyBDNplmNa7f0WV2+0v4o3WXKEGZCqhwIGa3ozSSD8B3E3rY3DhAhuWsoGWJQgADaBoBpTONwqr+jhUAVbgVVUAALlLaDuBUH4UxFnno5plqbe8AQCQCZgSJMbwOe49aYiWppatVbcx9tHS21xVd5yKSAz5YnKOcSPWpPWVLKJou0XW1TYTH3GvXrZVAtvq8pkz21JObly5VMyT7xnw2X05/GaQyQt4v4J3828u5fHny01Mg3YgAeAG3/YVDN2BJ/qfAUu0Tud/wAh3D+/pQB5gvpBy92nppUzD8YZRBExzzR66a1f9Oug9/CO95B1mHLM2dRraBM5bi8gJ94aaaxWKcRzpySlyKDlB3Fk7G49rsSdBsJn/uac4bfCnUxrpVXB8aeS2dCCTrp4nuHjQsKkJ23bPSHs/wAWLuDDD8dwerZv+qqn2nWh9i+WSQ6SACRsfTU7U37HOsGBfrEZZvMUzKVlertiRO4kNr51Z9PlmyjDcPH8Sn6gUoLNFN9nG+EAhgABM8xzIrr/ALPrv2Dp+G4TtGjAfUGuJ3L6Wr7Bs3ZcywJ5HkJrpfst4tbe5etWyx7Ac5h3Mf8A9GtOiDo5ptzR011ylsmZcwE5ZGYDvjepsdGf6SYvqnViTlCHQd5MQPEnKKgXsaQJymNNcw56TtS/aDcypbMSJafGBIHqBWXS5cK/5pAMELE76wZ8ZrGcU3ZrF0jQ/pXjQrIYjiYRirX3kfhCkeHLf60Ke1eA3MwuKXfzj00+lHbYoAvNhM+Z5/AClX+Q5/X/AL1Gxd77RgNQDlHkoy/SrkujFcE5H7lB5ndoidR6VBc9ddmIH5KP7+dHcu5dUJEiDrJEzOo8KkcNtQjPIiddDMDmO/c1CVDNLwjo3hr5Vr79VaBAFwaC53WgANG31JmBzqLx/gK4bEt+hYhwO1BkqVDfcV1Msscz4Upii4UXQPtCy5YYiJbXQaQVilviUPvC4CAFlQrg5VAmCVjbvNODv+DLUnKNUaZONs+CTCtiDmWEN1kZc6gqozXC23a1O8AyOZRg2ZeoHYConbe285lbMwciBqMhaBJ1PfVIuKXqjaW6BLT2g69nQ5dio7Qn3vzp+0Vd7ZCLC6sLTI5+OTXWBy58+acvK8lxVvDy0vvnzwaLE3bNpx1rXn1nTQSCRrqOYI+B7qrh1QBWLiA5vusQc3eddNar2Q51V7kyp96RkAd8s59te15PvUg8fsdetxuuGTsx2XQgSNw22s7GtIjUtwpLVvRbfVOAdc8AnU6Ge46VcdEh1V22DI7cgKxCEG26wU0AM3BynSsi/E1a47a5SWIkd7Tzq16MWrb4w9pQoJIhuySCsRqPE/CmM6u17WPAn0j+dZ3pb0et40Jmu3Lb25yNbMxO8r9RB8al4nDzcPYDQn3ngGW1ERAgD51NiO6mIwtrotjrLi8MQMQ1lXNgXCZzHTKQxIiCT724G29WHDOlOMNxbd7h91T99gCQe7KxhRz0kzyrUdZ5+lQ8fi2UdmBqsyCfvDuoYJCeD4xXxOKIkQbKkMpUghG5EfPnVoeIIHNvOC4AOQEF4Oxy78qzFjjITEYgtkXN1PvOBsh2ka1V/wC1HXHXblu1bYslpWOeIXSW0Gp0Gn6oqLTKOgo3M78vD+tPB6qOF8TS+uZMwiAwZSCD3agBvMEip4anQWSw1c69sWAtLhbJS3bQ/pAByIqkg2rm8Dwreq9c49pl1TbZJGYXVaJMxqPdiNjvP50ngZzjqJAru3AulCdTaVrd0BbNk9ZlUoxyDMFhs2niBXEkGgre8J4g4w9sLOiwDpGmniaTBHQR0nsESM5/d/rVX0i4ul6y6BHlSjSRoZ10PPQmudDCY5+018d28Gdieyg8ag3rWILhGvv2gNczxGg0HMCR60Lkr6FDx+3GJfQqCQ0HkD/Wa2Ps84jas37dpLi5nMTlYFiRLEkiNIGnhWL43g2s3CpfPoGzRvPfJOulX3QuyFD3QJuK0A9wENA8TGvwrXtozO9lO8T8Z+R0op8I+H8qjpxBCAc6CRPvA70drEAzDhteRXQHlpWRRRdOrebDEx7pB1B23P8AprHtcEzO+vqJronGrPW2XQCSRH8/lNc2sv8AZofCPip1/OkMWLdvmiE98W9fVgaFNFhQoyGDC23GfNvlg+eUZqq1UiGJnmf68jVhH2bt5KPNm/8AyrVCVDy/s+FVIhIVi3J3Ec9o+XrUg4oi2EAEgQIPM7mfLTem7WFe7dFtYLk5RLACRvLMYHrUnE8Ku2SrXMmjbC4jGQZghSSNqm1wKUkiw4jhTbS0DpnZcuu62xkBjlTN067Dn+dN38WbrW+yAE7iTuw11+Hzp3NT006zycs5K03+fYK3ckSD/Q/GjYd/zogANu/6zRk1oZ2r+g9bxJiA3Z7gxj02pWfwqOFHdp3UtABsIoQ5VzY65XUgR3VPscIbrFR0BzBCSdQoJM6RB8jUC3cKkETIIIjeRrp6Vb2sext3Cc2bqhz1XUkaH9selJnRoNtM2uG463XOGtNlAAXUZoBMMxJC6nN6eFT7vGQpPZGn69ofMv8A3FcrwfGnVg0pqCDmt2mkDuDKQPeNO3uIOe0GUBoDSlv3iN4AEL4+FS9x0KjpQ48NTlAgbG5alj3CG0+Iqpx3GmuuihIBZJ7ats6yey3iRtynbWsFeF4A9pInuiT55dalcFNw37IaNLgnURGkRp51PuHgh+0Q/wCKb9hf9Na/DMP0twCTNm1BMyQANTPmKqOlOBsviC13MMz2rSxOue2Y8NxvVzhrBGNuljJCLlO0AkaQNDsKaYpKlY1xbj9/CZBZywwOaVzQREc9PeNM8P8AaNeU/bIjj9WbbDyOoPl86gcXuEXT3Zlk/L4akVCV3y6rqA078ttj/fwrOWq4spRtG9udLbahbjXHVbgzIuUEhe45QaynSzpPbxFtrSK5JKku0KOywOw/pVatwt73cuhmBpyB8Sai8SyhSI1gch3j+VaxyrIbrBEt7VpMBfHUrqTGhHdJaPr6VmrNTLd2IGYgGZ+G31oasLo0Fu4Hs3Y+8oaO8QDHyqd0Vx1tkVC0SpQBzrmIBiTvuNayOA4kwcqTKkMuw+Gwnl86dtXerGQiGRhI7suUHb9n5UOLjyCkpcCOlNibq6fcjcfdbfw96rTgtyLYUZQJIPZJYk98fnVVxYXAyu7qwLOBuYBneB4D0oTIlrmUSFmH1LDQwvlua2TSmRmidauk3WzrfFtOxOH1Ag9ksrmBI1mQJn4b/o/wBMPN+1irtwMogOQUIBB2HOAR4Sa5JdcI8LcZlIEspZCTtsa2PC+OZsOga7mZBlzM+Zso1hsyyI1G586zcmsFo6c+KUHKTB31/vxrnGITK1xB9y64nwJMCpXR3G9bmDkMVysDpBBOU6elVCI4u3LSiTLkDb/LDN65VbSo7K6wOE/3rQquPEE8PUUKYjL4xotqu0sW+CgKPmXq26L4vAooOKzFg91xAYghbdsWrYgbsxuSdIAGo0o7nRdr+tq9aZktjNbzkMNWY/dj7xjX0qgxWFa0cjoyMBJDAgiZj/vSnHcqHF0x/geJW1dW7cXNlIaI0Lgg8ttvnV7gukVtr1xr9sZHtugABhQZZV01jMd5msmbvL40lbhrKelGbtkZTdP7Gh4xisKGjC5suWzmLqwLOobrG5wCxTTwqO2MtkmGgeKv9FqrY6eP9aTYB7jMGPkdfhNaxwqIelGRbi4DEMDOo38dNRuKWrTtVfhLfWEaqvnt5aVZJwcqouMxKzqFBGnnsJp780S/0tq0SMHhGuSZCqu7HYcz51MThqsStu8rOBOSIMeulTOE4cCwEmZnfTcmNjpy9KncPwKI5cbtvLMZOxME7mN60UbI9JIzuAZVurn0AnMNB90jn4xT+P4zbKXQGicgQERIEE6zymqziqMpulwASzsNFOjOcpkeBHOo9rg5coCdDuQdh4+NQzbS09uA2BiVWBlYEHWFYgSPlSwrZZyNt+EnfXep3FsI6L1pCsBAjYGWECABzqq4biri3ARnhYLBQT2Qe1p8vOKKT5Lt9EhMeSIkwN/DQaRNT+j9yb1t+S3Adt5prieMs3gxVXUkMyHKS1wSdCsxoeYjyqNhLkAqpgwrZySp2kgeMeHfUuAbmdFtBBdxDsEYg2SB2WaeqHujvE1m+K8Rvdfcyo65goAUAsqkDtGZAkg1nOkNxWhrZOrNAJ7SiFBk89R8qm8SBCsVlfwgTJ15xoapRrIn4F4vBu83MysAcurvn7J0MAGojvdUkZWMEiVYsDBgkHmNKl2uIraS0DmlmaYP3QY/FodR6VCxXCi7sVT3mbWQfvHXffnUtJ8lLHBNwJYgyCCI0MTSeI4ee1nCwvukgFok6Cde6ncCuUsIjbTaJk7fGhj0kZjoACAD9467d9VHjBL5K2yaduWHYSsab7TTOHNTbYnXblp4/wB/OhNlNJkTCYZywIZVM+82w58qu24eXYucRbJJJMIwEncRJqDdtTowkHv8KjtgVymBrt4+G3961Mt0uwW2PRAxFy4LxtswIVoGwXffNA013NTTbFwBWuMqmW7ILSUUmYAMwuc/CJEzVLjQVcgnuI8iAaewbsVIBI7QysDEHnrykGqSAu8Pwa29tst0llLqJKkaW84mNd+cfDnWtwnR6xkGa6VMEtMDUAAAZkHPx2FYHCF7V5s5l1IOuufbc8wRWg4cwW0qtlBgbgyY0kmO6im+CWl2aTD4S3hbl1usc5FhQVYhwQrHthcpMgQQdIMxWd6Q4225F2yzEsSX2gNMDLGsR301jGWPettJaMwbMJCjc7+6KH+zi6/ZbbwFeDIGp7Jop2CpLBGsdJ76KEDLCgATbsnTzNuTQoJwLMA3a17rbkevOhT9NhvXkpsRj7tp7xtXXtksQSjshIBMAwdqh3LzOczMWMASxJMAaamjoVn2Mi0tBr60VCmImWNx5Gisn3/2G+lChULkqPBP4YxEQY8qtMTiXMKXYrkBgsSJ7OsUKFT+863/AK/4LbD/AOWn7Iq5wyiBoKFCu2PB5zMHx06jyH5ipuHYgnz/AJUKFYHREkcU/wDSp+0v/VULhTEXrhBI+x5fChQo/cHTL3gDHLbMmescTzjLdMeU1R9LlAv4iBH+UdNNSgmioVq/gjNfIg4USpnuH+qptncfsn8qFCsXyV0N3trH/Eb/AFin8aP8TaHn85n1oUKYMmYLW7rrJWZ1nzpnpMxzROkfWioU18RdlXh6ssBvHgfyNHQpoBTHQftH60vDb/ChQqY8CkUXG1GcachTIH2f999ChSkaRLXD2lOLUFQQbeoIEH3t63mFwVoqJtofNV/lRUKvT4M9TkzPH0CJbKgKYcyuhmU108zU72Y4lxiWh2H2NzZj3CioVOr2VpkROJXlELeuAdwdgO/voUKFG2Pge5+T/9k=",https://awikifile.theseed.io/1d/1d6680cca4a10bd38d56b2b08ffcda429976c26a1465ad02b522f996488c2e84.png,37.56624056,126.9909748
Cheonggyecheon,Jonggak station,http://www.seoulmetro.co.kr/en/cyberStation.do?menuIdx=337#stationInfo,"data:image/jpeg;base64,/9j/4AAQSkZJRgABAQAAAQABAAD/2wCEAAkGBxMSEhUSExIVFhUXFxgYFRUWFxceGBgYGBoWGBkYGBcYHSggGBomGxgVITEhJSkrLi4uFx8zODMtNygtLisBCgoKDg0OGhAQGi8lICUtLS0tLS0vLS0tLS0tLS0tLi0tLS0tLy0tLS0tLS0tLS0tLS0tLS0tLS0tLS0tLS0tLf/AABEIAOEA4QMBIgACEQEDEQH/xAAbAAACAgMBAAAAAAAAAAAAAAAEBQIDAAEGB//EAEsQAAIBAgQCBwUEBgkCAwkAAAECEQADBBIhMUFRBQYTImFxgTKRobHwQlLB0QcUcnPh8RUjM2KSorKzwlOCNLTDNUNEY2SDpNLj/8QAGgEBAQEBAQEBAAAAAAAAAAAAAAECAwQFBv/EAC8RAAICAQMCBAUCBwAAAAAAAAABAhEDEiExBEEyUWGBBRQzQnGRsRMiI1JywfH/2gAMAwEAAhEDEQA/AOQ6A6v4G70e9+7dIvBXJOYAIwMKoXN3pEGCJM6UtsdH4VbbEY2NHYiAGzKzKhCNDZuzLafebSYrmEjUn0+vretNPv8A5/ka5Y8bi5Nyu3+h1yZFJRSVUv1Op/o7BWjnTGsGR0+60KWAcqUBFyFk6b8QAO82w+AwFxbZu4tDmLPcbuhl7hcjKsGC/dCsQQeVce2FUW1OcBoUlDv3i5kEaQFCEg7Z/QUXbZUxqNvcQCPgQa6NWZWwx6R6Pa05VZdMxXQhgSsllMDQiG1gaAkaTS5nBMgQJkDf6H51dg8YUIicsglZjUAgMOTAMYPiaZ4vD2b7r+rm4HeS6OAQGOsqw+xw1k7napwOTdzEpjbgzr2d52VQ6x2cZQCGUwQcwJBBPtRwBpNjcM1t2UjVSQeRgxIngd5pp0ObF4C1iCloLbfJeAILMSCq3I0P24YjkCdqU3QdJPxnzg0WxGVBp8OdXW4ymdDEqddTKiD4RmPpFVxJ4fhy/jRa4duzZxrbUoGbUQSTA14nL47j00QGYcKra3FXke75Sa1l5R5++gG/VToB8ZcyLog1uXDsq/nyr1LrX0dbs9E3rVtYVGsjaDJdCc3NuJPjGkRUP0f4Nx0db7IAPcdwXgGDJAaCRJAHpE8KTdeusKi0cDYcugM3LjGczAzCtEkAiZ4nbQCvy2fNl6vrFCHEJcf4vdv9ke+MY48f5R3Q6Pt3cFh7d1MyNZQRH2sqZe99k+0QZGoGteVdbuqb4Rs4l7JMLcjVTPsuI0Pjx8DpXY4LrTa7RcHi9bBtYcowJGQmxaPeCnvLJmOHDhT7rL0ew6PxSl+0UWZtMSGLKM7A5gNRBUA6numuEJ5/h/UNPwuXs03s167/APQ9OWO54UqCZ41IrJ9D+FVlO+PD+NZi/Z00POv154CNyw0kCAILE8TAJj1iAOZFCEVdZx5HtCfnRYZHHD13qgVUXhOP1tVr4KNVgn+9/CqVDBhmnePDXThpQhrGroD6VRZt5jHDjRuISVI+tKgFCL9amgI4h4EChKkzTqa0KAlZOtHWzpS8GKNtGoCXZVlSrKpbF4HHgCNPryojovBG/et2gYzuFkwAATqfQSfShiSYA4/n/AGjejMN2txEGWCwXv8AsmTu3GPLWBRhK2M+sfQjYW6R3ipVWLZYCG4CRbYgZM2UgwIBDDSlFpMuVykrPiFaIkZh5+kinHRmNvElVNxrd64Fv21bMHB1KzcJ75RWhpBMb0/63HD4i7eZMtm4ltWFu7be29xxma4AfZNzKbQCkHNpB0msX2OmnucliOjm7Nb4RhadyiFiDLKFLCREkSNYAM0JbdlMhiCJEgkGDodR4SPGuk604S/hks4O7tbVnAlcuZ2OYqQZI0Ud4Agg8Irn8ilQRmzAEuDERMZgRrxErB5zy0iSSvYqBGo35fXvqB1PjUhUJmapg035fGmNu8q2syXHS4XAKAnKyKFIY8D3i2hnY89QLYJIG5nT10/Gj8ficyKGtxdzMWuQBnBJGoAGoOnoedQFd+6twpkQKQiqwGzOoaX8CRGnOhw0fl6fXvqueVTDzv7+PL3UB6Fb60OvR9vCYdWBVWa+4E5VZjoCBosES3jHmF07g+zwFnNbKXReui5m9oyll1niBlZe7wM+NGdTsY1rCYllV1OUFLqgFXuTbyWzIOYg6hRwdyeFJOsNm8ioLrls03GGsLdfKXUsd3y9kW5ZgPP42LElncYKlqbfm21f+z1Sf8tvyOtwGE7VL63AptHD22TuAuL1vB2nXKw7ymF22YBxQfQnT2KtWbmEu23Npw9nvqw7O4VPdBI0bYlaL6JW+q3blu+LQbCWF1jKzfq9nuvPsyCQG5n0Ov1/ENYv28ST2tm9g1AO5VbrLm/vSGAzcQF5Vc2OMs04zSa1Lbit1uSLaimjz0nUmtXtjVVv2PSr21B8q+wjzC4EKSePAfiTWGW1PpyqN0a1a0mGIgMO6NYyjuiJ3AiPSqQlbxRHGRRKYoEUtCkmANfCi8Lh5YBiJ3IBkx4xtQBNBYwHTTSmFzc/Xj+NUtdAOVtiP5ihRbW6KxGFjVfd+VCmhDRoiy0ih6nZMGgDM9aqGasoASIAPE/KPxn4URYtbZjlUkKW5AkAkgbiJ0ocHM08z9Dypl0e2VjOYdxgBpEsrJqD7S5WYcDroahUT6UwAssqnU5e/sQrZmgAjdSgRweIcHjUMN0ldROzW4wUkMVDGJBBBKnSdF18BUc4FkghCxIIJBFxRqIDfaQrGmoGkQZmh7gOu0D69KG264OjbrM18v8ArSWrguKto3ShD2sueLq5PtA3GYqBDQKedb+g1dn/AKONq5ZFpM6I9tjFx2IZZ72UEJrMqdBA0rz9liPGi+jceLTI+UZ0uLcV4kgqQYYAjOpygEGNzB3BleRNXmS6T6Nu27lxXt5GSCyAEQu2YAzI2mCfannC3NO9Ous3TrYy4b7W1RiAO6xI7qqIAP2ZBYcRmO9JZkeNVeplkU3jzo7F497iWrbZYtKVUgQSrEHvc4I+NBJv6VY7E7ydABPAAaAVSEJrIqWXn4VcttSAAe9xmYPe0I05fXMDuOqmK7Kw1y6XCKyG0dCA0DtOytsYNxlyjNEATJ4Hn+mukmvkSMqrORBsuYyT4sTqWOpNdJ1U6vfruJFh7uW1aAkTJiFDC2vM5ZJ2AWTtFU/pE6As4S9ltXAQ3e7MBs1pdMqsWMliOcHwEwOEOnjGbn3Z1lkbWkFxfSVyzdsvbP8A8LhgynVXHYpKsvEU06S6RGKSzdDiLd62Xt3TN5czIncf7do93SJBEkxApn1QwmHfE2jduKrDC2AiOislwmyFKtmIGxHEcdQYob9JHVu1gcRbezm7NoaDsrKQWQMdTGhg6gEbzNdJ4Iuan3MKbSo89upkXLxBj3GKmmwnlV/Sw/rri8rt0e52FD2GlR6/M1oguvfjVxGsvvEBABMDaY2+dZeJBMc6hZtzJGw1MkT/ABqkNXbragDKOQ/E8aM6OTKhY8fkP4z8KHW3mYDmKvx9yBlHL4DahSrB3SzPPHX6+Fb6RTug8j8D9CqcKYYe73/xij7ySpHhQC+xiY0OtEvaVxI35/nS6KstXSDQG7lsroagTR6XA4gj0/Kh7+GI1Go+NARzjnWqomsoQJwtliCwUkLEmDAmYkjaYPupmO/bZjbliB/WZiDbkqiKdQpED/MdNJrouqPSWHt4W+pfs73Z3SmZe67uotqFI+6oBhuM0wsdW7WMe3YwuMZ8Ott3ytbg2mUqih0AALNnbvRJCtqd6w5G4o5bH4YW3VQWuKqk5RrkGykE65SJMa7D0VXcpnKAstoO9oPXccefyp63Ri2DfDkM9suiFHKwVIQMJIJTO3lKkUrxMQiwRlG4gyNACp4jeqmWQC3Hw4TP8xUXjy0q57MANwJ5a8fwFQuJBYAgjwII4bRoRrWjmV3DAHPz0jy51vEWisBhBgHhqCARqPCo3Dr8Na00HagLcKqk5ToSQA0gBZMS0/ZjyiicXgbiOVKscpIkajugSJEjQfUUDbBj1ovo3HtYbMoHsspB2hh4cRUKUqo3OwjTST5VoPp4acuEkU2xa2LiyirauhwvZ9pKEZCSys2yltIkwTvEUouWyBrxUEeRGlEw1R7J+jnGWrZxbBlW8GYlrpARUVwFiO8xlixA+4oHeIK8l+kFScVcudkbaXCHQRAKsqsDpoCVZWI4ZqcdVcBYZcXea21y6GdLSR3A9wlbem7uSSQvAW2J4UL+lXFXDiFsvmAs2rKhDHdJtoWiOZ+XhWyBHVMXDjMPctKrtaw9h+zLAG5lVQVSd3iTHhTn9JfTtq5hUtZhdfvGSClyyykAZ02LFSykbSsiJiue6sdIpbxFgXLFu5ms2VXtHKKraQ5YbDnXRdb+i7l7CYm/iUt2cSuJzHNoWQ2tLdttnELI11ymNapDzDpP+3v+Fy7Hq7H8qFw4GWBzP5/jU+mbv9a8faysf+5Fb5k1TgjofP8AAVllKMUNTUbIJ7swPaMmBp58eA8/GrMaNfSo4fDFok5QduZ8h+NQBeDSAWPp5cfrwoa9ZLHMSFE7k/IcaKxbBVyjaPgKVONaFLyyDbMx57D460yBnXnrSgGmWDaUHhp9ekUILsQkMR4/PWq4ovpJO8DzEe7+fwoSgMViKLs4nn76FNR22oUZ5l5ispb2vh8aygLw+U10PVXrZewLs9qCGjMjAFHiYkcDqdRzNL8ILHZ3e1QhxPZkFtxAyngNZOoPLShLdgGAMxYnVQBqsEkq3ORsRxG9Zuy0d91e6yjE37NjFdgtpb3arcZIa2wLXAuYfZNwiZHmav64dAq97EXcNdsBrQWLKOAzDKrdpbKmDLuRoNx415sLxBkfCmPR/SXZPauCCyOHGYSAVM+yRrrFTTvaNJ2F9ZegLuBuLauMp7pZCjaETEgHVeOlKGuygH2sxYmOcnT1iuz6Z69DEFy+EsMLltbZBzd1lz5biNrkg3CSIMwNRUf0i4LCqbDYVrJBtnvWysXACFB7piRladJ11om+GZaOEnX8axl5eNbUA1KwozLm9mVLR92Rmjxia2ZIKIAqVdn1f6Jw2Lt3mNpkazhrrsFuDvPOdGRNwAqsCII1FKelOq2IsK9x0XIjKpdWVl74BVgRupka1nUrotCRhBOswTrrBjSROvvopFY3FtuNZVIIEjgNvOhoq/AN/XWyeD2/cpWPgK0Q6ro7rbiLCvatFQC9wh8vfUue8ytwYqMs7gExEmh+tjYi7kxWIXL26/1cCAVtBUkA8Iy68d6c9Sui7R7K4UOIvPJWxACWwGZe0vMZGUkDSNiTBgUn68tebE3HuObgzsqXAD2ZCEStsyQQpYDQneTqapSz+ib18K1pS3ZYWwzAbwZXujidzHgYnajsZ1jz9G/qtx3N1L6sgaSBbyOpAPCGI08aBwQvC7hrlprlvLYs57yAnskZ3QsxGy77kA7V2PW3o6w1kPilyXSpFvGWSrWb75My541BPkI+8apDyjpRu/527X+1bNQ6O+16fjROOs5iCN+zt+sLk/40PgG7xWOGvoRp8agN9IcDWdG293PiATyG/wBeFW460Wygbkx9fGrMXCKAOXwqFQDinzH62od+FSBnWt3V7oiZkzqI8IEaaeJ9KEZUtMOjm3Hkfw/KgbSkmACTyFHYawysCwidNTrr4ecUCJ9IpKTyIP4H50rFP3tAgiNxHvpBtpQG61W60aA1FZW6ygG2Owj2mRWtJpsVIK3AkTqu/CZ11rVhyjlwhCrAuKDBhjJAmY0j3AxQpxBYy3eAGUBp0Hhyo57CPhzdzHtQwzZmEkMYULJzOAo9I8RXPjk6XfBSqI7qpIth39sye67D2wDoVUn2QJiqLqZWIBkA76+/nwqb4V49nRRMwJ1IEFh4gwD489RxMfzrSMmZj+NYDofE1O6Z3BECtBdBWjJDJvBqBHzrqcNhsCcExNy4uKBJC5ZR9RoCNuO49eFJMDbRmJuGAADI3ntLaSB9ohSzR/dowVLcIO/h6V0fQHWY2LDYbsrTK91bkupYCIkFARnU5Rpp4UViep39QcRZuG8DeyWstsjtUyKcyg6gg9oCP7lc3ewFxAGZHUMGKkggHKSGgxwgz5VnaRrdHX9JYHB4izhzauWbN17b5kVWPfLqRbJEQYzBWbfaZiOf6W6EuYTEFCCwRwBcCkK0lNif2wPM0BhsS9sypggggiJBQ5gQdxrypv8A07fvs3bXWdX77BiIDW8rhgBoDFsDTfjrRJoNpjPoO1+r4drt3EBLd5VPYW2/rroVrgWdJRJDCZGhmdACn6y9NtiWByqiKIt20HdReQ+GwGw0pdmMCSdBA8BvA5ak++q7+1WyD3CdOXMMbDJBDYdFuIwBV0F66ShkHQ5Y8iedPC+Hx1p7Vq+2G74uLhrrA2AQrSVKqDbEFtdZglgNDXG4w9yx+5/9a/Qs1qwXXb2Xs+Rt6+XaXqsS2M2ccveNKjibfdsnnbYe69d/Oh8JcKtl4H4GKhA5jEHxHx0/GgcbdzHz09KNvr3dfD50Li7bWjIUGdmPD051DRBcO0awqby0DXw4n5VE3ra6AG5x10X8+FDklzmYlj4/WlSGhHyqmSX685hZyLxCADTw8anizaFzNazlO6R2kZ5gFgSuntTEcIoW+4LSFCjTSSRMAEyeZk+E0V0haVXhA4HHOBMydoJkRl5azQDdTOtJOkLeW43jr7/4zTbANKD3e6hOmrfst5g/MfI0KLBWGsFYaENVlarKAvyHQ86moKsJE8YOxonFtbJXs1YcwYieGWCfHlVb2yGOZW0iRxAIkTyqFJ3cT3mK5srREk8BtrOmYmqUUSBHz/KtlIABEN9HWoFCZ20pQMuLvG0x+FRumtjcVjNrt/DhVIbF7SI238alZbXwAn31q6AdPD31O2ywYG2hniRtQDbA9P4i2gtW79xUDdoFViAG1hhyMMQec6zXR4nrNhsRYs2b9i4zItwOwdR/WXCCLqwBrmDSp072m0Vw5Ua1bZU6k6DMJPxHr51lxRbO86e6mK15Vwr2cpW0Sva5jNyVziJlJA8q5Z8A1m4yNEhLymI3Fq+p8tVO9S6I6Va1dRsPAK3C9tmVM+oKgMT3YiZG25pp0v0tfuhBdIOa014QoGUXbWJbKNAckkEAzE76gCK0XY5moXtqsqF7atAsxfsWP3P/AK+IoaiMS0pY8LJH/wCRifzoeqyB5f8AqrDfde8NdtOwf5uffQmGsywY6ayBzjT3Va75bFs7jtb4jzt4X8qqwbmWc8B9AfChA+6sqfI1PB4hbqnnsyn61HjUstc5nZHzKYIP16VCjHFdH5e8JyxrGpHpx+vOgeX14fjT7o3Gi4CNmGpHDzHhQ/SPRkyyDX7vPy/KgoSXU+vWPnWwxO5J46zx4689Knib75RbLHIDIXgDrJjnvU7F53QIFzAEwQpJEi2Nxwi2o9TzqkD+iH9oeR/A/IUR0jbzW2HISPTWhcDhnRgSIB04cdviKZdmPon5VDSOYFYaldTKxXkSPdVZNUyZNZWQeR91ZQBaoIJp1dZf1e2qC4Lr9186DJcLuzBkfYQp8PhNJJ0iiLWJIygmQuoESJ1H4mo1ZUyh0YGCI8IrFfQjnV11sxZuHAgQNuU6Vp7XsgDU/lVIQEE7RA99QFuYqQWJ0p31R6NsX7xS/f7AZSVYxBaRAMkfCT4UAgZOHj+VWWV0PHX6+dFdLYcW7ty0rBwrMAy7NE6ihbAIUevr9RQE1U+86/D86vw/sFmgwwOWYYxGkxsQTseE8KHR9NRzM+X8qsSGA/7pHhB+FATa5KgDQQdNN5ESeJ33o3BvAuAD7H5JtzOfWgHw5CyRHcJk6aDTT72o4cjTS7hXtXL1t4zC2NAQd3wrjUb6EfGoAOKrvDSr8tV3hpUNFd72LP7o/wC/iKpq+8O5Z/dt/v4iqa0yBjCcL5Yj/Xa//nQ0ZbZ/vE/XworCwbLBjA7exPkUxQP4VR0gYAHKgQwtmQDSLGJDN4E06wXeRD/dHypdjlAdtOR+AqAs6KJy3MqFmYBVjYcSc3AghfjtpTKxiIhLjJnPI7+Y4Gki4i4/dLkD7q6DTfatC0i0YQ9xODUnMFUvwzDQ+f50kxHSF4EqTkjgoA+Jn4UxwPSQgB2GpIB4iI9r36Hw150TjsItyAfEA8Rx/D41LKc8LpzBiSSCDqSdvOnHS2JNtAVO5AmOEE8aU4jDm22VvQ8COf8ACrukbx7NbccwZBB7mg0O3rVIB372c5o1MT4kCJ+VbwtrO4HDc+Q3/L1ocfWtNeiSoViSASY1PAVQN+7yFZQUp98e8VlQpG7aN24EX2j4akmIGmpoa5hcuaSCVMaGQY4g8qb9FDDsLpuMv90XJDZQBGU7Zj3hlnl4UpM5QDGv5/zpZmgcL4fnW2q1TrrwHGouJk1QaJ7tE4NQwuNKjKs5SQCd9hx4e+qLtvYCrLSlbbSqkE+0ZkRy4cfhRBg9zTUHWrM0COQn3/zqqzH2uenpV7j6+vKgM0gfW/8AOiLfZqqkDM+V8ysO6sghSCNSRIbzjeKEdPkPw/Kp9i0NBAhQdxtOX58KA3cZjpmYxEb6AzMeE8KaWr7Xe1uMIOQDcke3ZAMkk7W+fChxg3JJAUgNbBIYH2myrlI3MzoORoq3ayi8vJ0XaP8Arbjge5tUBTlqu+ulEZapxI7p+udZRoGvexZ/dt/v4iqauvexZ/dH/fxFUmtkDcIs2bvg9hvQM6f86Fx14Zu9qJA91EYF+5iP3aH3YjD/AJmlOLfMfWaA6Ho581sEgDcQNhBIHwil/Sn9p5qPxobCdIlFCBRodyfqKzFYkOQeU/U7UIDFSTpvOkeNFdhbC95iW11GokeBAYDUeoNULchgwmQQQeRGx0/Oq7l0k7776fnQFoIK5Y1mc2u0QRvHI7TvrRtjFNbUAyV0idxsdDxWJpabZ5knXjyEn5VZhnJDW/ssJOg3WcpnzJ99CjHEXzcX2dOEDfyLR8AaS3UIYg7zR+HxQQiM2Ugb7gwM2X+7mmp4myC41nMv5wfganA5FKDWm2Ew8LqSNeBP4UPZwT6EKd+XKmGKsPkIVSSdOHqdaFSBf1i395v8TVqqf6Mufc+K/nWUJbLjbGkHepXAZjXnH160xv8ARDpcySrELmOWTEnKAQOJPCgsQjK5BiRoY1HlrWmmjKaZS2YyxJ8TOulQB18Ktzd2OJ/OtJBO3OoUhdaDpTC5iCthEyD2gwbQyNWjTbUj3UvZJBM8dvWi+kbJBCrmOk6wTExpHDTaiDAbjZmBiATtyqTLw8fr51Wj6jkB+FWhtfj9e6gNs59+nprRP60sEZMxYBZO6kE6r7wPKedDgAkagSRvtGms0S/ZozBW7RQe5cgqPZE91hO+mvLxoArC27l+8jAZma7bVWAjvHKFhhse7p+z4UYoJ7cn/rKNTPsnE7niYI140p/pC4xIWSC+dlEhC4BAYqIEgEgHcAnnTXCBuxJaJa8SY8FUxr+3UZSIFUYr2T60RVOLHcPkayisDxI7lj903/mMTQxorE/2eH/dN/5jE0NFbZEGdGrK3x/9O3+V7T/8aTXEJ2PpTfo0wzjnZxA91i63zUUCi6e+nYMBUTod6sRIoo4BrjErpqIJ0B050fa6GP2mPjlX8Wj5VLCQoar8LYG76iJVQe8x1iAAdJHGKdW+ikH2ZP8AeJPwECjbVgLoNByUAD/LFNQ0nNpg7h1Cx4tAH+aicN0Tc/6kTwUEg+phZroEtgGYExvx08fWrKzZqhTa6HWArAkDbMdp8F4etG4fAKuwA/ZAHx3+NFCpKKlloFxeGXLMajWTr56nwmgSg5D3U6ZJEc9KT5ee/HzG9VAjA5VlbrKpDd7E3Gus95GNwAAxntsqqDMZSInckg7ecqb2smDqSZJk6nieJ8eNe/WuhUZHKuGBPsqwYARtl1B1n30kx3Ui0U1tJvpClTEwNUI1iOB3ry/OL7kd/lf7WeM3UI0NQWNZ9K9L6Q/R6kKw7RWIHdBVwJ/ukAzJA9qkeN6h3kOVLiGfvqyc9NMw2HOuseoxvuc5YJrscbaBzCN5+VFdJY241zM0BoA7ogfe9NWNMW6s4lCWNguomcpVxxEwpnmduFJ8Vhyh7wKa6K0ht+R1rspJ8M5OLXKK7ad4+VY2m/19TVaA8KtwyCSTrAmrYSNW0ZvZGnM7VcmFG7GflVtjEZmCgafwoNzvJPGpuy7IYXsT2cKF4A/Qpng3JsKTublwn/DZ/KlGPAzmTELpvqREDTbzp1gV/qbY5gt7wo/41K2De5iLUMWvcb9k/I10eG6sOwXNesW7jgG1ZuXVW64b2cqHbNwzRPCkHSNoqHUgggEEHcEaEGtPHKNNrkliq7/Z2f3bf79+qiKIW3KWQN8jf716ulHUe/opewLxAIwxvWxfMiQOzJnMR9nfwrooSl4US0jneiEm8o+8t1f8dq4v/Kt4DAAqrnWRPh/H5edXYHDNbxNpWBDC8ikEQR3wCCOHGiuiFmxb/Z+RIrlLZGluWLaAGnh8xVlTZdD5VA1g0arBWGsoCQ4VOKrqyoDBUxURUxQE1pZi0hz46+/+M0yShekbfst5g/Mf8qIAEVlTisrZD1u50pg7qspISYyk2suRSULKDbkuYDatzoDrL0ytoWxhbpggllV3YCdpDGJ34afE8v0niLCuFtJoglytxsr7TGcDjpp6UlxePI2JmdiBlA4a7k7/AA56cHBP1Oykzr7XXi+CC+R4++g5j7keFMMN13tls1ywNQdVeI22BHhzrz3DYstuB6T+ZqnEdIopgqfSPHnFZ+Xxy7F/izR6jZ6ZwLgzmUnKCWSdonVZPOiP1bC3QiJftkQJDMOJEjJc4xPCvKkxClQQSPfVovyYW4D4SDWH0i7M2uofdHfY/qFh3zt2FvLBgqCpmQN7RUR7968/6w9VRhs7JmA1EEhojMeQI0XiTV9vpK9bkozL4qxX5UD0n05ecEO5YNIOaDIIIOu/GtY8eWL8VozOeOS43E3R1rUnkCfganY6KY6scvhuf4UUekJTuroTk944AU3QL2JY27oeNCcot/ZOi6HYneeFd3Jo5qKYsupbDFzE++I8OFdB0UFDdoyhks27lwqdmyM5VT4M5Rf+6qOhbGGawim8qPk7ykES2V/tMI3aNOQojDWc1vE21gk2HKDmLd9b5Gn/AMu221eno4xnnhCfFpP8Wc8m0bRvHXMPdwrNHa4y6M7t33uBs9o3CcoCIuUNGmgLDzB6yXSwDsZa5atO55s1lGZj4liT611b9YcM4XD4RYZrN+0pW0AiC6zOQzMVK2wO8xAMdmdwTPG9YL6sWyewAFtzvktqESfHKqz41974zk/pRhKLT1Nq+UuPZbKkefGt7LepmUYiw7AEW7d27lOxNrt7oB9VFMerNrBYlWGMdRda6zPcN1luNnbD6gnuEyb24J1Jj7S8/wBWMcLV607aorQw5o0hx6qze+u7wfS2Hs2TgcVBdGw4DNbm3ctWrxuI4dVYlGtPoCvE66mp8IyNY8kYJ6rj4XvW9v1S7+wyrdHN3sSb64bFPrdS6lq+x3Ypke3cY8WKZlJ4m0TuTVPRdqLeX7rOvudqL6wC2lu81kItt72HFpbbZlmzh27Uq32oe8mu5LGQDIrWAEm94X7w/wA0/jXzPisYR6iWhUnTrytJtez2OuK63NZKGimRSgCu/gSPdpXzDoyutVIitVQYKsBqsVNKAmK2K0KmKgJL+X5flVWMEoff7tT8iPWrIn8PmPiKy4e6DwMfHh76hRXFZUP1YfePurdbslHSdK9DsrHtbRVxqQpgb7g95faJEAQI9AjxGFHedluZQQX7ykweRIGscYO+1PMNiLYF03ka4zLCHORlY/aOutDlC9s2l1a42UDiSYUfhXmWTyR6HDzYqsd2crMqsNntvsSGAzIG10Guk+sUrx+HkjvKZ8xy+8B412dnDW+ydi5DjL2aBScwJ1ltlge+uZ6Tw5bEC2oloAAG5YyQPMytbxyuRnJGokmwrdmsWydPbVgR9okQs6z48Iih7lu5lTMGCglVkQNyxG28tPrR/S2DUIQEE6DQa6an4A0Z1RwQbEKjhikMWUMV+zpqPEijmlFyYUG3QmvWco7rcBqJEExI9CY9KSvcJmSSBMTXqPWjo7D28O1xEdXkAZmVhvJmbYOwPGvMbK5jGg8h51rBNTVozmg4umNcHhoewogHPmkjSVLanbMO6PlTvpUXBaYNkI2BQmSQLieyRt3N55UqQkshmCDAIJ0kGQNdJk++uiu9AX1Vbly24DbMwOvqajxuUkzSmoxaOc6NtRkzKYBOYcYIH8aLwuMe063LbFXXKVYcCADXeW/0eX+yNxgqwpIzMNfDwPnXn2IWDHID5CvS4tbnn1J7IMxXTTOGVLNiyGEP2FoIXEgwxkkLIByrC6DTQUm6Qbu1bQuPPd+uRpLJKcrk7fqSkgTDHSnuG6cPZrau2bV9F9jtM4ZATJCvbdXyyScskeFIbG1XA1qGWeOWqDafmti0mtw/pPpFr0SFVVXKltBCIuphRruSSSSSSZJNPOih3r/jeY/4oNctXS9APLXfHsm/xWxNc8knJNvk1FUxk60uvL3j5/PX8aavS/EL3j6fID8K5I0wYioEVYSOY99QLj+QJ+VUyaipIPr68qjPgfrzrYY/d95H4TVIWAVJark8gPefyrNeY9B+ZqFJuY15H4fzirEUMpQ/DkSYP1yqpk01Yx4wPjFBdvatt3rqxr9vXXgYPMfH3AG9je+8PcK1VP8AS2F/6q/5vyrKblH9zD2mN0jRELFRJzFRnI4xIhRt9oUp6PdnuDKNpaVJ7vj4akD1roOtow6Ii2SpYWlFxlYnM5PeJ100A0pZ1TQntYUnRAW5DNn+JRfdXljtFtnqe8kh/wBK20uQLYAVLSiQmWSvFhJzMSQM3HSuQ6GJbpAMil3F0ZFHFkIj0hK7PpZ2Fq25QIgUrmURnCasWP2jMe4VxnUm2z4hSCVeZDCZDMQsgjWe8auHwyfoTLzFBPSeFOdUPtBtVg/ZkH4mmODwz4dhiLlo5LisqE92dQZGYa6Dhzo7GYFrWKuZbgJsZu8yggmSCcrSPsneapwds4wM+IvvKsFtgnuiY0VYhRqogRSUoKD1FUZalpFnWPpZLuHdFUgrruhB7rKPZYwdeIFcHbtkwBuTArteuHRaYayclwv2gXUgbZo4b/arjcPuvOT8BXXp9KhceDlntzqQ1w5KKmuuYGdeQ+Ir0vpbrHcvYJAZQWmW2ROtwlVaToI0YaazPrXnKYK47WhlYLn7z5SQqlgC3jAkwNTFNr2Ha4rMQe0kCSVy6LlIhRyW37mrpr43MqHOxmM6xXbiS7s2+5J0B03pGH0HkPkKvu9Gm3bJa4DCkgKDvB0JMRQq41FAHZ2yQNS7P8lZQB766XqOUlVEyaDxx009aJ/pVpkC2I2y2rcj/uylvjVGNxdy4CGdyN4ZiR4QCdKaTNglq22XNkbL97KcunjtU0ug7EVmFa6nsXXT9h2X/SRRg6SxEQbzN+2Ff/cDTWqQTBwafdW3Oe4IHsWtzyWKXW8eQNbWHPj2FoH/ACKtDfrzqzMjZC2hy6CBsByFZa2KpbnZup4n3afx+NBYwIG72UaD2iObcTXJ3sW7e1cY+bE/M1TbWTArOk1qs6h+kbK/+8QeRn5UHd6bs8Cx8lP4xXP4+yViRHChhV0ojY/frCv2bbHzIHymhrvWJ+CKPMk/lSiaiaUiWxg3Tl8/aA/ZUfjNDP0jdbe4/oY+VDEkbVE1aM2bdidyT5mfnWhWCsFAbrK3WUB6H0ns3mPwrouon/hsZ/8Aa/11lZXhf0z3feM+uH/s+x+7xfzFcb1B/tv8P+oVqsrUPpy9iS8cff8Ac6DHf2mK8m+b0P0T/Yj94P8AVbrKyuGXw+53hyvwxJ11/sv8HyFCdUvZPnWVld8f0ThL6p0hoVdm/ab5msrKkTbFnSf2/wBj/wDauQw3sr5D5GsrK9eLg8mbkZYHc+nzFV4v2j51lZXo+04dypKuWsrK5spK5sfSgMRWVlQIHbajOj/bXzHzrKyo+DceR9+kz/xA8l/01yLVlZWYeFG8vjZA1qsrK0c0aNRFZWUIZWCtVlASrKysqg//2Q==",https://awikifile.theseed.io/41/41af0957209535e4d490be31521ecfa642ac3811bd5f9dc577ae6d1999134803.png,37.57017349,126.9830166
Cheonggyecheon,Jongno 3-ga station,http://www.seoulmetro.co.kr/en/cyberStation.do?menuIdx=337#stationInfo,https://lh3.googleusercontent.com/proxy/hFfDm3mc_x--R8hrW84yhwQzKw7TAwcZxJjdWrjAs5D9U01oXqQQSHaZxLIf3nYS24odwwR6gV_RgR7lSAGQA3l5eMUS6aDRsQYs0CQ7E8V1oYGBaa755DEiHjuJCrwCF3paYh8sX7ul7efrixCF-AuMkB_U5_8MzPphjkfWJ9pqA-Zz2g__-vFtwB2T_4diKrWq3yAVLKmf3rtr-qwDINMmrt-2vJNjg-02Z15rjHdRyLOQzWLq5VYI-ipYU4kspX9Fd8myeJ41RxJ1EZMaRAVbjkNrUyIkCCbn_YyFcF-B38bkf0Yo1A,https://awikifile.theseed.io/41/41af0957209535e4d490be31521ecfa642ac3811bd5f9dc577ae6d1999134803.png,37.57039834,126.992097
Cheonggyecheon,City Hall station,http://www.seoulmetro.co.kr/en/cyberStation.do?menuIdx=337#stationInfo,https://mblogthumb-phinf.pstatic.net/MjAxODAxMjNfMjEw/MDAxNTE2NjczNTY5OTI5.abl7knS9vK8U16PdtcLGfmEsnGmyNtzGVMFzq35p6MIg.V1ohLXggGobPa_MnGNqD7O3MMYkBscisvqgNnkcliP8g.JPEG.kyjdfg24/1516670711595.jpg?type=w800,https://awikifile.theseed.io/41/41af0957209535e4d490be31521ecfa642ac3811bd5f9dc577ae6d1999134803.png,37.56572282,126.9771411
Hongik University,Kakaofriends Flagship Store,https://store.kakaofriends.com/kr/index?tab=home,https://lh5.googleusercontent.com/p/AF1QipNEbXhvF9sg063qEMIPwiuTn4bUAZtSXMfkosj7=w408-h544-k-no,https://cdn.icon-icons.com/icons2/317/PNG/512/map-marker-icon_34392.png,37.556464,126.923812
Hongik University,Hongdae Free Market,http://www.freemarket.or.kr/,https://lh5.googleusercontent.com/p/AF1QipM7haSG_3IsVNYh7dSfEEhnkKF4qIQ3jyJ3XSDX=w426-h240-k-no,https://cdn.icon-icons.com/icons2/317/PNG/512/map-marker-icon_34392.png,37.555419,126.923602
Hongik University,Hongik University,http://www.hongik.ac.kr/,https://lh5.googleusercontent.com/p/AF1QipP8Krwy3_eSSr5jO7t81oxwXfINIvnRPYebZMJA=w408-h272-k-no,https://cdn.icon-icons.com/icons2/317/PNG/512/map-marker-icon_34392.png,37.551591,126.925001
Hongik University,Trick Eye Museum,http://www.trickeye.com/,https://lh5.googleusercontent.com/p/AF1QipNUBbo1-bIfskEAPoc5x3JJQKxjN9vy1j0lRcLo=w408-h272-k-no,https://cdn.icon-icons.com/icons2/317/PNG/512/map-marker-icon_34392.png,37.553552,126.921732
Hongik University,Hongdae Entrance Tourist Information Center,"https://www.google.com/maps/place/Hongik+University+Tourist+Information+Center/@37.5620543,126.9301857,13z/data=!4m8!1m2!2m1!1sHongdae+Tourist+Information+Center!3m4!1s0x357c98c359d39a47:0x49f01a0d662dbdae!8m2!3d37.5546376!4d126.9226177",https://english.visitseoul.net/comm/getImage?srvcId=POST&parentSn=27723&fileTy=POSTTHUMB&fileNo=1,https://www.svgrepo.com/show/82166/info.svg,37.554622,126.922624
Hongik University,Picasso Street,"https://www.google.com/maps/place/Hongdae+Mural+Street+(Alley)+%ED%99%8D%EB%8C%80%EB%B2%BD%ED%99%94%EA%B1%B0%EB%A6%AC/@37.5505506,126.9220055,17z/data=!3m1!4b1!4m5!3m4!1s0x357c98c54c9f37e1:0x38b6e1ae8919c5df!8m2!3d37.5505464!4d126.9241996",https://lh5.googleusercontent.com/p/AF1QipP6qJyOjuDqUHvAZly7bA7F8rUDQGZ915K5lkrt=w408-h306-k-no,https://cdn.icon-icons.com/icons2/317/PNG/512/map-marker-icon_34392.png,37.550536,126.924211
Hongik University,Shin Mi-kyung Spicy Stir-fried Chicken,https://watnamenu.com/branch/hongdae_dakgalbi,https://lh5.googleusercontent.com/p/AF1QipO1GV7KgN9Zm6wUnYi-qRSd2J6tk6c0Mo8XI3RF=w408-h306-k-no, https://img.icons8.com/plasticine/2x/restaurant.png,37.552963,126.921507
Hongik University,Pastarico,"https://www.google.com/maps/place/Pasta+rico/@37.5720371,127.0720815,17z/data=!3m1!4b1!4m5!3m4!1s0x357cbb025dacbaa1:0xf30183f309f481f3!8m2!3d37.5720371!4d127.0742702",https://lh5.googleusercontent.com/p/AF1QipPqy6W8ths7PaN_QRZuvxDOVzIj-ZR1yUmXwwPj=w408-h306-k-no, https://img.icons8.com/plasticine/2x/restaurant.png,37.553431,126.92107
Hongik University,HongikUniv:line2,http://www.seoulmetro.co.kr/en/cyberStation.do?menuIdx=337#stationInfo,https://lh3.googleusercontent.com/proxy/c9FO9ebjoCDpehijvbYCNafQqqKUaqrOKnQMfQOeSkJcsqowxBq5tSloRCah_9Orlhm0QgJxIRyVlc4K1yZTu8I_JYqVa5bdzbQ0lRcfiOkPSCuw3_huhYAHjbld7anOJSM,,37.5567015,126.92362
Hongik University,Gyeongui Line Forest Park,https://www.mapo.go.kr/site/culture/hill/culture_onstop_hill_view?motSeq=2200,https://lh5.googleusercontent.com/p/AF1QipOEBkc994MOy7UeTI1WVxGSuWHz9BQgTkU_ojei=w426-h240-k-no,,37.55891688,126.92539
Hongik University,HongikUniv:line Gyeongui ,http://www.seoulmetro.co.kr/en/cyberStation.do?menuIdx=337#stationInfo,https://img1.daumcdn.net/thumb/R800x0/?scode=mtistory2&fname=https%3A%2F%2Ft1.daumcdn.net%2Fcfile%2Ftistory%2F1163983F510CF32E29,,37.55753235,126.9267613
Hongik University,zimfree _ 24h locker,https://www.zimfree.com/,https://lh5.googleusercontent.com/p/AF1QipP44CAk_M815hdfCsbxNKnhUGpiNETEdjdv1vcM=w408-h393-k-no,,37.55695263,126.923076
Hongik University,Real-Escape Challenge, https://www.rec-escape.com/,https://lh5.googleusercontent.com/p/AF1QipMdpbDnsjcUkx3__MF3DjWLB9GlPq1Dc7Qusn2A=w408-h306-k-no,https://cdn.icon-icons.com/icons2/317/PNG/512/map-marker-icon_34392.png,37.554133,126.927023
N Seoul Tower,Namsan Park, http://parks.seoul.go.kr/template/sub/namsan.do,,https://cdn.icon-icons.com/icons2/317/PNG/512/map-marker-icon_34393.png,37.550245,126.993111
N Seoul Tower,Namsan Cable Car,http://www.cablecar.co.kr/kor/,,https://cdn.icon-icons.com/icons2/317/PNG/512/map-marker-icon_34394.png,37.556578,126.98398
N Seoul Tower,Namsan Octagonal Pavilion,https://place.map.kakao.com/25025752,,https://cdn.icon-icons.com/icons2/317/PNG/512/map-marker-icon_34395.png,37.55162,126.987589
N Seoul Tower,Namsangol Hanok Village, https://www.hanokmaeul.or.kr/,,https://cdn.icon-icons.com/icons2/317/PNG/512/map-marker-icon_34396.png,37.559277,126.994488
N Seoul Tower,Namsan Seoul Tower,https://www.seoultower.co.kr/,,https://cdn.icon-icons.com/icons2/317/PNG/512/map-marker-icon_34397.png,37.551319,126.988184
N Seoul Tower,Namsan Dule Road,https://place.map.kakao.com/21920612,,https://cdn.icon-icons.com/icons2/317/PNG/512/map-marker-icon_34398.png,37.553231,126.984605
N Seoul Tower,Mokmeok San Bang, https://mmmroom.co.kr/, , https://img.icons8.com/plasticine/2x/restaurant.png,37.558082,126.986885
N Seoul Tower,Namsan Pork Cutlet,http://www.xn--q20bm8o5tfe7j.kr/web/home.php,, https://img.icons8.com/plasticine/2x/restaurant.png,37.557061,126.985975
N Seoul Tower,owl pork cutlet,http://www.owlscutlet.co.kr/,, https://img.icons8.com/plasticine/2x/restaurant.png,37.551394,126.988205
,,,,,,
,,,,,,
N Seoul Tower,Mamoe, https://place.map.kakao.com/1773363624,, https://img.icons8.com/plasticine/2x/restaurant.png,37.555118,126.981341
Namdaemun market,Namdaemun Hotteok,"https://www.google.com/maps/place/%EB%82%A8%EB%8C%80%EB%AC%B8+%EC%95%BC%EC%B1%84+%ED%98%B8%EB%96%A1(2%EB%B2%88%EC%B6%9C%EA%B5%AC+%EA%B8%B0%EC%97%85%EC%9D%80%ED%96%89+%EC%98%86)/@37.5606712,126.9751009,17z/data=!3m1!4b1!4m5!3m4!1s0x357ca2f4ec0664e3:0x9a9da3ccc6297ed3!8m2!3d37.560667!4d126.977295?hl=en",,,37.56075851,126.9772834
Namdaemun market,Cafe's Mungchichi,https://www.facebook.com/pages/Cafes-Mungchichi/355103591360226?__tn__=%2CdkC-R-R&eid=ARBAoh16pv_dgyyy9dvTqHuIuQMysdAEWV8Maqu3nl12jKJebDPySqMZWxIfOzaFQbjMI6NNGakzAiek&hc_ref=ARRBMyhZ_xHsbY53CYIPruy9r-WxdlWY2-akGQioCSVWKRG3k-KdSNT8ETdnxJ6v6P4&fref=tag,https://lh6.googleusercontent.com/1eKRlsOG0nmz5TyzS95od3pHLjkzeFf8L6CuGCEnbD2ijrEC3Rgp8T_IUuY5xmGl=w408-h408-k-no,,37.56011237,126.9769682
Namdaemun market,Namdaemun Hairtail Alley,"https://www.google.com/maps/place/Namdaemun+Market+Hairtail+Alley/@37.5598473,126.9749439,17z/data=!3m1!4b1!4m5!3m4!1s0x357ca2f51f82a127:0xa182962ef5af7c65!8m2!3d37.5598431!4d126.977138",https://lh5.googleusercontent.com/p/AF1QipMLqlP6Zj40ZAaM25QPidru9NB5u9QV3DHZrJQB=w408-h306-k-no, https://img.icons8.com/plasticine/2x/restaurant.png,37.559766,126.977037
Namdaemun market,Namdaemun Kalguksu Alley,"https://www.google.com/maps/place/%EB%82%A8%EB%8C%80%EB%AC%B8+%EC%B9%BC%EA%B5%AD%EC%88%98%EA%B3%A8%EB%AA%A9/@37.5581963,126.9748869,17z/data=!4m8!1m2!2m1!1sNamdaemun+Kalguksu+Alley!3m4!1s0x357ca2f544f807a5:0x551e32258bbd0d85!8m2!3d37.5581963!4d126.9770756",https://lh5.googleusercontent.com/p/AF1QipOZ5m5muhckPlin-Xod97x9nBIyV02I6ff4yTDV=w426-h240-k-no, https://img.icons8.com/plasticine/2x/restaurant.png,37.558207,126.977055
Namdaemun market,Tourist Information Namdaemun,"https://www.google.com/maps/place/Tourist+Information+Namdaemun/@37.5586043,126.9750716,17z/data=!3m1!4b1!4m5!3m4!1s0x357ca3e0e2b44b53:0x4ba99a5c92c6904!8m2!3d37.5586001!4d126.9772657",https://lh5.googleusercontent.com/p/AF1QipNMRQMShlthcTCZKyc5nOSXem8E4HJluVHdg4Sq=w408-h306-k-no,https://www.svgrepo.com/show/82166/info.svg,37.558422,126.977227
Namdaemun market,Sungnyemun,"https://www.google.com/maps/place/Sungnyemun+Gate/@37.5599568,126.9731079,17z/data=!3m1!4b1!4m5!3m4!1s0x357ca28ad207e0cf:0xcaabef5971d06766!8m2!3d37.5599526!4d126.975302",https://lh5.googleusercontent.com/p/AF1QipNXJnzTDLuCvEFVuNp1RB8E7zT4pkTyV1mmQpbU=w408-h271-k-no,https://cdn.icon-icons.com/icons2/317/PNG/512/map-marker-icon_34398.png,37.559949,126.975319
Namdaemun market,Bukchang-dong Food Alley,"https://www.google.com/maps/place/Namdaemun+Market+Food+street+24hrs/@37.560366,126.9747975,17z/data=!3m1!4b1!4m5!3m4!1s0x357ca2f4e791add1:0x50a2b09b5613c3b9!8m2!3d37.5603618!4d126.9769916",https://lh5.googleusercontent.com/p/AF1QipPaLJl2dwMWrIS7LhOuC2XRuCFGm4J0GIQBnTJH=w408-h306-k-no, https://img.icons8.com/plasticine/2x/restaurant.png,37.561816,126.977406
Namdaemun market,Yang Mi Ok,"https://www.google.com/maps/place/%EC%96%91%EB%AF%B8%EC%98%A5+%EB%82%A8%EB%8C%80%EB%AC%B8%EC%A0%90/@37.5613319,126.9765066,17z/data=!3m1!4b1!4m5!3m4!1s0x357ca2f478c70a43:0xb83e552ad805448f!8m2!3d37.5613319!4d126.9786953",https://lh5.googleusercontent.com/p/AF1QipOXdmc4mEFaCRGxh9qnppHWgLdSNmf7Yf-h5doZ=w408-h306-k-no, https://img.icons8.com/plasticine/2x/restaurant.png,37.566803,126.992725
Namdaemun market,Shinsegae Department Store,http://department.shinsegae.com/store/main.jsp?storeCode=D01,https://lh5.googleusercontent.com/p/AF1QipO0lqJsVS6VXYD619EzBWfSR7BUF6Wiz1AUXsZ_=w426-h240-k-no,https://cdn.icon-icons.com/icons2/317/PNG/512/map-marker-icon_34398.png,37.56024,126.98054
Namdaemun market,Queens Bakery,"https://www.google.com/maps/place/Queen's+Bakery/@37.5609583,126.9769854,17z/data=!3m1!4b1!4m5!3m4!1s0x357ca39123579937:0x31ea00f1118f652!8m2!3d37.5609541!4d126.9791795",https://lh5.googleusercontent.com/p/AF1QipM8ZeOcsFLBgE1qumKtmX3OPcluLKhDX0T7oYoh=w408-h306-k-no, https://img.icons8.com/plasticine/2x/restaurant.png,37.561018,126.979081
Namdaemun market,Jungang Galchi Shikdang,"https://www.google.com/maps/place/Jungang+Galchi+Shikdang/@37.5598098,126.974907,17z/data=!4m8!1m2!2m1!1z64Ko64yA66y4IOykkeyVmeyLneuLuQ!3m4!1s0x357ca2f51f357ff1:0x8512f04d4cc09993!8m2!3d37.5597487!4d126.9770646",https://lh5.googleusercontent.com/p/AF1QipNvAELf8xM4xqOKRkeoL1_Swya3Lhz65wh83ovC=w408-h306-k-no, https://img.icons8.com/plasticine/2x/restaurant.png,37.55986633,126.9771103
Myeongdong Shopping Street,Zaemiro,https://place.map.kakao.com/27454509,,https://cdn.icon-icons.com/icons2/317/PNG/512/map-marker-icon_34398.png,37.560748,126.985409
Myeongdong Shopping Street,car-free Street, https://place.map.kakao.com/26184214,,https://cdn.icon-icons.com/icons2/317/PNG/512/map-marker-icon_34398.png,37.561708,126.985825
Myeongdong Shopping Street, Myeongdong Shopping Street, https://place.map.kakao.com/7876521,,https://cdn.icon-icons.com/icons2/317/PNG/512/map-marker-icon_34398.png,37.56361,126.982852
Myeongdong Shopping Street,UNESCO Road,https://place.map.kakao.com/25738162,,https://cdn.icon-icons.com/icons2/317/PNG/512/map-marker-icon_34398.png,37.563641,126.982223
Myeongdong Shopping Street,Myeongdong Tourist Information Center, https://www.facebook.com/MyeongdongTouristInformationCenter/?ref=profile,,https://www.svgrepo.com/show/82166/info.svg,37.565078,126.984993
Myeongdong Shopping Street,Lotte Department Store,http://www.lotteshoppingir.com/,,https://cdn.icon-icons.com/icons2/317/PNG/512/map-marker-icon_34398.png,37.564709,126.981762
Myeongdong Shopping Street,Myeong-dong Gyoza Dumpling, http://www.mdkj.co.kr/,, https://img.icons8.com/plasticine/2x/restaurant.png,37.562521,126.985578
Myeongdong Shopping Street,Hanam Pork Restaurant,https://www.hanampig.co.kr/,, https://img.icons8.com/plasticine/2x/restaurant.png,37.565072,126.983887
Myeongdong Shopping Street,Hadongkwan, http://www.hadongkwan.com/,, https://img.icons8.com/plasticine/2x/restaurant.png,37.564397,126.984998
Myeongdong Shopping Street,The Spot Fabulous, https://www.instagram.com/the_spot_fabulous_/,, https://img.icons8.com/plasticine/2x/restaurant.png,37.562328,126.982589
seoul city wall trail,Pizzeriao,http://pizzeriao.com/,, https://img.icons8.com/plasticine/2x/restaurant.png,37.580309,127.004518
seoul city wall trail,Naksan Park, http://seoulcitywall.seoul.go.kr/main/index.do,,https://cdn.icon-icons.com/icons2/317/PNG/512/map-marker-icon_34398.png,37.577969,127.008456
seoul city wall trail,LwHwa Jang,https://place.map.kakao.com/8048490,,https://cdn.icon-icons.com/icons2/317/PNG/512/map-marker-icon_34398.png,37.578224,127.006327
seoul city wall trail,Naksan Fortress Trail,https://place.map.kakao.com/26965027,,https://cdn.icon-icons.com/icons2/317/PNG/512/map-marker-icon_34398.png,37.577965,127.008459
seoul city wall trail,Changshindong quarry observatory,https://place.map.kakao.com/1483392335,,https://cdn.icon-icons.com/icons2/317/PNG/512/map-marker-icon_34398.png,37.57807,127.011945
seoul city wall trail,Cafe Gaebbul, https://place.map.kakao.com/890843625,, https://img.icons8.com/plasticine/2x/restaurant.png,37.578148,127.008089
seoul city wall trail,Jazz Story,https://place.map.kakao.com/23779742,, https://img.icons8.com/plasticine/2x/restaurant.png,37.592707,126.998178
seoul city wall trail,Hyehwa-dong Burger,https://place.map.kakao.com/800964702,, https://img.icons8.com/plasticine/2x/restaurant.png,37.581094,127.004706
seoul city wall trail,Married Couple's Restaurant, https://place.map.kakao.com/839397094,, https://img.icons8.com/plasticine/2x/restaurant.png,37.58019,127.004265
seoul city wall trail,coffee herbal medicine caf?,https://place.map.kakao.com/1670739315,, https://img.icons8.com/plasticine/2x/restaurant.png,37.566537,126.988608
Dongdaemon Design Plaza(DDP),Dongdaemun History & Culture Park,http://www.ddp.or.kr/main,,https://cdn.icon-icons.com/icons2/317/PNG/512/map-marker-icon_34398.png,37.567437,127.011297
Dongdaemon Design Plaza(DDP),Dongdaemun Design Plaza(DDP),http://www.ddp.or.kr/main,,https://cdn.icon-icons.com/icons2/317/PNG/512/map-marker-icon_34398.png,37.567084,127.00971
Dongdaemon Design Plaza(DDP),Shake Shake Duta Point,http://shakeshack.kr/,, https://img.icons8.com/plasticine/2x/restaurant.png,37.569177,127.009028
Dongdaemon Design Plaza(DDP),Philstay Dongdaemun DDP,http://www.philstay.co.kr/default/,,https://cdn.icon-icons.com/icons2/317/PNG/512/map-marker-icon_34398.png,37.564916,127.006548
Dongdaemon Design Plaza(DDP),Jin Ok-hwa Grandmother Original Chicken dish, http://www.darkhanmari.co.kr/,, https://img.icons8.com/plasticine/2x/restaurant.png,37.570301,127.005875
