Cheonggyecheon,River through the heart of Seoul,Unfortunately this year no Christmas lights which last year were stunning but still a nice walk in the evening along the river.,November 2020,50
Cheonggyecheon,Calming stream in a busy city,"This area is picturesque and pretty for a stroll. At night, lights are switched on and very colourful.",October 2019,50
Cheonggyecheon,Cheonggyecheon Stream,"Visiting Cheonggyecheon is a must if you go to Korea. It's an 11 km long modern stream that runs through downtown Seoul. The stream starts from Cheonggye Plaza, a popular cultural arts venue, and passes under more than 20 bridges before flowing into the Hangang (River), with many attractions along its length.",October 2019,40
Cheonggyecheon,Small river,its great a small river in the middle of the city. You can sit and put you food in the water and drink something and relax during your trip.,September 2019,50
Cheonggyecheon,Great picture spot,"From a walking distance of Jonggak station you will found Cheonggycheon stream. It‚Äôs a 10 km long modern public space in downtown Seoul. It‚Äôs a great place to chill and get away from the city's fast paced life. Depending on the time of the year, there‚Äôs different exhibitions. It‚Äôs definitely good place for pictures.",October 2019,50
Cheonggyecheon,Mesmerizing,"Best time to go there at night. When we went there, it was around the Christmas season and the stream is adorned with colorful lanterns. Very festive!",November 2019,50
Cheonggyecheon,Not many street light,"Beautiful little stream with people walking and jogging around. However if you go there during the night, it can be a bit scary as the street light is not much in terms of quantity and brightness. But don't worry as local people here are very nice and friendly. It is also peaceful to walk during the night.",October 2019,40
Cheonggyecheon,great,for decades it was a huge hideous overpass but is now a nice modern park thanks to president lee myung bak. i guess that's an improvement,February 2020,50
Cheonggyecheon,Peaceful little stream...,"Peaceful little stream in the middle of the busy city! There's something that happens when you walk down those steps and get next to the stream. All of a sudden, you're not in a busy city. You're strolling along a peaceful stream. Beautiful spot",September 2019,50
Cheonggyecheon,Love the serenity in the middle of a busy city!,"Very fun detour from the middle of a crowed city. We were there on New Years Eve so it was quite crowded, however I have been before and it is a nice place for a break.",January 2020,50
Cheonggyecheon,Cheonggyechon Stream,"We stumbled onto this stream by chance when we were touring the Myeongdong shopping area. This is a delightful stream that runs about 10 kilometers through pretty much downtown Seoul. I understand that prior to 2005, the stream was polluted. So now this area has been cleaned up and converted into an art and nature walkway. It is a wonderful area to walk along the stream. It is a relaxing stroll, has nice greenery and art work along the way. You can even cross over onto the other side where there are stepping stones. I would say it is a nice area for city workers to have lunch in, great for families and romantic couples alike.",November 2019,40
Cheonggyecheon,Man made attraction,It is quite nice man made attraction at the middle of the city. People just walk along the stream enjoying scenery.,January 2020,50
Cheonggyecheon,Great place to take a break and relax,This stream is beautiful and offers a nice reprieve from the hustle of the city. Go at night to see it lit up.,January 2020,50
Cheonggyecheon,On the way,"You won‚Äôt miss this if you‚Äôre walking from kwangjang market. Pop by for a quick photo, beautiful reflection of the sky in the stream.",January 2020,50
Cheonggyecheon,calming,"in the midst of tall buildings, and city noise, this is a true peaceful oasis, with ti s cute colorful umbrellas and art display installations,and peaceful water sounds. very sweet and beautiful spot.",September 2019,50
Myeongdong Shopping Street,Street food Paradise!!,"Myeongdong is filled with street food of all colors, sizes and tastes.
I was brought here every night by my local friends.
You literally can buy and eat anything from this street!
It‚Äôs a MUST!",October 2019,50
Myeongdong Shopping Street,Enjoyable time,"Some of your best shopping can be done here! They have plenty of restaurants and cafes that are really good, At night, the street food is the best and not to miss at all.",October 2019,50
Myeongdong Shopping Street,Paradise for street food & shopping!,"Myeongdong is filled with street food of all colours, sizes and tastes. Equally filled with shopping spots. If you are looking for korean cosmetics, K-pop merchandise, clothes, accessories - Go to myeongdong.
Everything from underground shopping to high end stores, you will spend your money. It is interesting to see one cosmetic brand having many outlets in parallel streets. Interesting to see free samples given to women at cosmetic store to lure in them and make them buy products.
Street food is very delicious, quick and you can definitely make a hearty meal out of them. You can also see students involved in volunteering work, old people protesting sale of dog meat and preaching about believing in Christianity, large tour groups hurrying up to finish their shopping et al.

Whatever it is, Myeongdong is a fun place to go and spend the afternoon or evening.",September 2019,50
Myeongdong Shopping Street,Myeongdong,"When i visit Korea i always visit Myeongdong its cool. You have to visit it by day and by night.
Good place for shopping, eating or for a coffee.",September 2019,50
Myeongdong Shopping Street,Night time shopping and street food,"Lots of shops selling facial products and korean snacks (mainly the almond nuts), though may get repetitive as you walk down the street.
Visit Lucky Factory and Brand Market for affordable shirts and t-shirts.
Beware of pushy salespeople, you can typically just ignore if you are not interested.
As night dawns, street food stalls are set up.
There are many restaurants to choose from as well.
There is a 8-storey Daiso nearby.",February 2020,40
Myeongdong Shopping Street,Awesome,Full of great street food and awesome stores. I recommend trying fried chicken with cheese from one of the carts and u wont regret it i promise u. U literally can buy/eat anything from Myeongdong street. It's a MUST.,December 2019,50
Myeongdong Shopping Street,Very nice colorful street at dawn. Great teen shopping.,"Was nice to arrive via the metro at myeongdong station 6 and the street is in front of you. Very wide and relax street due to Covid and ample space. Nice shops for all and a few street venders. Great side streets with colorful signs and ambiance. Large shopping mall, small mall. Do not hesitate to enter as branded shops are sometime hidden in a small place. Many restaurants for all tastes. Very nice evening with the family. Do recommend this much better than large group mall.
Enjoy.",June 2020,40
Myeongdong Shopping Street,Always Fun,"Gotta get here each time in Seoul, just because it's life! Every step is an adventure with an amazing display and adventure of trends and trinkets.",September 2019,50
Myeongdong Shopping Street,Good time,"Doesn't look like much when you walk past, but I was practically dying of hunger so I popped in. The definition of a hole-in-the-wall. I got the regular hamburger and wow... there are no words. A classic burger done right. Crisp bun, juicy patty, stuffed with all the essentials (ketchup, shredded lettuce, tomato, and pickles). There's about a million
options available between the menu board and wall full of specials, so it can get a little overwhelming, but you really can't go wrong. Not much else to say besides go see for yourself! You won't be disappointed.",July 2019,50
Myeongdong Shopping Street,A Place to Shop Till You Drop,"This is a very popular place amongst both locals and tourists. There's so many retail shops selling all sorts of merchandise, restaurants, cafes and also street food vendors. Certain parts are really crowded. Definitely a must visit place in Seoul especially if you like shopping.",June 2019,50
Myeongdong Shopping Street,very funny,"can see a lot of Chinese people on the streets of Myeongdong, and then you can shop happily and eat delicious food.In addition to seeing Chinese people, there are many people from other countries. Whether day or night, can see a lot of people.I will go to Myeongdong with my friends next time.
Very interesting and happy.
Î™ÖÎèô Í±∞Î¶¨ÏóêÏÑú ÎßéÏùÄ Ï§ëÍµ≠Ïù∏ÏùÑ Î≥º Ïàò ÏûàÍ≥† ÌñâÎ≥µÌïòÍ≤å ÏáºÌïëÌïòÍ≥† ÎßõÏûàÎäî ÏùåÏãùÏùÑ Î®πÏùÑ Ïàò ÏûàÎã§. ÎÇÆÏù¥Îì† Î∞§Ïù¥Îì† ÎßéÏùÄ ÏÇ¨ÎûåÎì§ÏùÑ Î≥º Ïàò ÏûàÎã§. Îã§ÏùåÏóê ÏπúÍµ¨Îì§Í≥º Ìï®Íªò Î™ÖÎèôÏóê Í∞à Í±∞ÏòàÏöî
Îß§Ïö∞ Ìù•ÎØ∏Î°≠Í≥† ÌñâÎ≥µÌï©ÎãàÎã§.",September 2019,50
Myeongdong Shopping Street,best place for shopping,best place for shopping. suggested time is afternoon until midnight for you to experience the street foods of korea.,January 2020,50
Myeongdong Shopping Street,Overwhelming,"Easy to Get lost, there are many of the same stores at walking distance so its Easy to get confused or disoriented; prices are really good for all korean beauty products and shoes, but you have to ready for room in your suitcase. Its overwhelming so better if you have a list of brands and products you want to save time .",November 2019,30
Myeongdong Shopping Street,Awesome Shopping Area!,"Myeongdong is one the best shopping destination in Seoul. Lot of local and international shops, cafes and restaurants. Love street food, worth to try:-)",January 2020,40
Myeongdong Shopping Street,Food and More,"This is the place to go for street shopping and people watching. It can be quite crowded. There is plenty to eat, including semi-exotic things from a USA perspective. There are also plenty of markets selling everything from clothes to electronics to candy.

Definitely visit this part of town.",April 2019,40
Gyeongbokgung Palace,The best among the palace in Seoul.,"C ( 20.12.24 )
This palace was the best among Seoul's palace, and had various architecture in Choseon's period. The palace had Gwanghwamun and some architecture. There was good to walk with various view, and enjoy about Korea's history. Must visit on Seoul trip.",December 2020,50
Gyeongbokgung Palace,Taste of the past,"Great palace, don't miss the changing of the guard, all in historical uniforms. Even in the Covid era it's still worth a visit.",November 2020,50
Gyeongbokgung Palace,enjoying fall time,"Go by night. the colours and the lighting is incredible.
The colour of the fall makes it even more special. absolutely worthed watching this and going for a nice stroll",November 2020,40
Gyeongbokgung Palace,The MUST SEE palace in Seoum,"This palace is definitely a must see over all other palaces in Seoul. It‚Äôs enormous with many areas to spread out and explore. A small fee of ‚Ç©3000 is required to enter the grounds, but for the most famous/popular pictures you can take those for free without entering.

Warning...a lot of construction and renovation so you won‚Äôt get to see any of the water features in previous pictures.

Bring your walking shoes, lockers are provided for free on site. This is a great place to let the kids run around.

Located in the ‚Äúheart‚Äù of Seoul, there are many places close by to explore further.

Only really need 1 hour, but can take up to 2 hours if you read all the signs and go in every building.",November 2020,40
Gyeongbokgung Palace,◊ó◊ï◊ï◊ô◊î,"Great for those who want to know more about Korean history and culture, beautiful architecture, they also have free guided tours.",November 2020,50
Gyeongbokgung Palace,WOW!,"Well I wasn‚Äôt able to get inside the Palace as they were closed during the days I was in Seoul.
But I still rented their traditional clothes and took picture outside.
Pictures came out fine.
I‚Äôll definitely go and check this place out when I‚Äôm back in Seoul.",October 2019,40
Gyeongbokgung Palace,Beautiful,You can buy a 5 in 1 ticket that allows you to visit four palaces and one shrine that you can use over three days at your convenience.,October 2019,50
Gyeongbokgung Palace,Guards Changing Ceremony is a Must-see!,"Visited Gyeongbokgung Palace as part of the free entrance ticket from Discover Seoul Pass.

Upon arrival, we were pleasantly surprised to stumble upon the guard changing ceremony, I later found out this takes place twice a day in front of Gwanghwamun, the main gate of Gyeongbokgung at 10 am and 2 pm (except on Tuesdays). There are also photo opportunities with the guards.

Entering the palace grounds, it kind of reminds me of Joseon drama. Quite a number of visitors were spotted to be donned in Hambok, which is a recommended activity to take you back in time.

There is also a small cafe and restrooms within the vicinity.

Overall, a must-visit if it is your first time to Seoul.",February 2020,40
Gyeongbokgung Palace,Amazing Palace,Great palace. I really enjoyed walking around. The Gyeonghoeru (pavilion overlooking the pond) was stunning. Some portions were under renovation during my visit (Dec. 2019) but it was still awesome.,December 2019,50
Gyeongbokgung Palace,One of the first place to visit,"The palace is pretty big and nice, you can buy your ticket at the counter specially for foreigners.
Also if you wear a hanbok you can enter for free",June 2020,50
Gyeongbokgung Palace,historical palace,"i love this palace especially the change of guards in the morning.

though its cold and raining snow but the ceremony is still on going. lots of tourists even in winter season. Palace is too big to explore so you need to give your whole day for this palace alone.",January 2020,50
Gyeongbokgung Palace,Start your visit to South Korea here!,"This is the largest palace complex in Seoul. Its history is very interesting! The palace is in reality a reconstruction; the original palace was burned and demolished by the Japanese during their occupation of Korea last century. The restoration of the palace is quite good. Unfortunately, most rooms are empty as their contents disappeared. Only the library in the back of the palace is original and its content is well-preserved. It still works as a public library. The floors, colors, roofs, and windows are original.

Some tips:

1. If you plan to stay in Seoul for at least four or five days and want to learn on the rich past of Korea, you should start you visit here.

2. You may spent the whole day visiting the palace grounds. It is quite relaxing, very well-kept, large, magical. There is a traditional, small tea shop within the palace where you can refresh drinking a delicious Korean tea in a Korean atmosphere.

3. Bathrooms are located in different places. They are impeccable.

4. Buy the ticket that covers all palaces. It is cheap. It last for several days. It will give you access to three other palaces (Two are close by), the secret garden (beautiful place), and the Jongmyo sanctuary. All are UNESCO sites. The sanctuary is far away and you need to take the metro. The palaces and the gardens are walking distance. This is why you need at least 2, (ideally 3 days) to visit all these sites.

5. If your interest is in in the rich past of Seoul ( Joseon period), the ticket is perfect. Look for a hotel in this area. Seoul is very big and crowded. Traffic is hectic and distances are enormous.

6. If you rent a Hanbok (Traditional Korean clothing) you will have free access to the palace. This is nice as it will make you feel more local and the pictures could be lovely. However, keep in mind that clothing is heavy and hot. We were there in September of 2019. It was a warm and humid day. It was not too hot. However, people wearing Hanboks shortened their visit because of how hot and wet they felt.

7. See the change of guards. We saw it at noon. It is a colorful symbolic, short ceremony. No many tourists; people behaved really well.

8. After finishing your visit, go to Insa Dong for dinner and shopping. It is really nice and relaxing. It takes 10-15 minutes to get to Insa Dong (walking distance). You may have ice cream midway.",September 2019,50
Gyeongbokgung Palace,Excellent!,"Its like stepping into a movie and reliving South Korean Joseon Dynasty again. This was so sensational. It is spectacular how this is divided from the modern world. If I were to go back to South Korea, I would visit more of the ''tradional'' places and visit this one again.

Not only can you relive this, but the art performances were also magnifying. I felt like a South Korean royal, watching the entertainers. I am looking for a song one of the Pansori singers sang but still am not able to find it after so many years",May 2019,50
Gyeongbokgung Palace,Travel back in time,"A visit to the palace is not complete without wearing the colorful Hanbok, Korea's national costume. There are tons of Hanbok shops around the palace where you can either buy or wear them for a fee. Upon entering the palace grounds, it feels like you travelled back in time with practically almost all visitors wearing the Hanbok. It will definitely make you appreciate the palace and the country more.",November 2019,50
Gyeongbokgung Palace,What a Wondurful Palace,The palace is a vast complex and is a major tourist destination when visiting South Korea. Usually tourists visit this place while renting traditional Korean clothing to take pictures in the palace area. The palace is nice and very beautiful. Detailed architectural buildings with a variety of colors make the building in this palace a must visit.,May 2019,50
N Seoul Tower,Excellent,"The views are amazing, but I also really recommend walking up and down the hill instead of the cable car if you can.

It's a long climb but so worth it, especially if you go at sunset. You'll also skip the long cable car queues this way.",December 2019,50
N Seoul Tower,N Seoul Tower views!,"Namsan Seoul tower or Seoul tower or the radio tower is a popular tourist spot in the heart of Seoul, close to Myeongdong. It is located on top of a mountain and is accessible by road/cable car/a hike. Prefer going in the evening to catch a glimpse of sunset & night time of Seoul.
However, it gets crowded & boarding a cable car would be a long wait. A whole lot of love padlocks are put up in the rails & it was mind blowing to see them locked for years together.
You can see a lot of people struggling to pose and snap the whole tower in the picture. This was fun to watch.

View point for photo-op/usual convenience stores/snack bars/restrooms/souvenir shop are available at the top.",September 2019,50
N Seoul Tower,Great View,Great view after a power walk through Namsan Park. Loved the views of the city in all directions. Gorged myself on gummy candies from the candy store.,December 2019,50
N Seoul Tower,must try,this place had 360 degree vies of seoul.best time to visit is afternoon until night to see the lights at night,November 2019,50
N Seoul Tower,Korean Drama Addicts Must Go!,"The Korean Drama that left the biggest impact on Namsam Tower to me is Legend of the Blue Sea! If you're a fan like me, don't miss this!

Remember the scene when Sim Cheong told Heo Joon Jae to meet at Namsam Tower on the next first snow? She walked up the hill and he drove up but she got into an accident and didn't make it to the top. You definitely don't want to miss Heo Joon Jae. So let me share with you a tip: How to get to N Seoul Tower!

Search on Kakao Map/Google Map: Namsan Ormi Elevator (Bottom Entrance) in my opinion this is the easiest way to get up! The Elevator is like a tram train, you'll be able to enjoy the surrounding view on your way up. Then follow the crowd and you'll get to N Seoul Tower!

When leaving N Seoul Tower back to the city, i recommend to catch a bus to the nearest station depending on your next destination. The bus stop is just a stone throw away by walking down a short slope, do look out for bus stop signs :)",May 2019,50
N Seoul Tower,Excellent,"The views are amazing, but I also really recommend walking up and down the hill instead of the cable car if you can.

It's a long climb but so worth it, especially if you go at sunset. You'll also skip the long cable car queues this way.",December 2019,50
N Seoul Tower,N Seoul Tower views!,"Namsan Seoul tower or Seoul tower or the radio tower is a popular tourist spot in the heart of Seoul, close to Myeongdong. It is located on top of a mountain and is accessible by road/cable car/a hike. Prefer going in the evening to catch a glimpse of sunset & night time of Seoul.
However, it gets crowded & boarding a cable car would be a long wait. A whole lot of love padlocks are put up in the rails & it was mind blowing to see them locked for years together.
You can see a lot of people struggling to pose and snap the whole tower in the picture. This was fun to watch.

View point for photo-op/usual convenience stores/snack bars/restrooms/souvenir shop are available at the top.",September 2019,50
N Seoul Tower,Great View,Great view after a power walk through Namsan Park. Loved the views of the city in all directions. Gorged myself on gummy candies from the candy store.,December 2019,50
N Seoul Tower,must try,this place had 360 degree vies of seoul.best time to visit is afternoon until night to see the lights at night,November 2019,50
N Seoul Tower,Korean Drama Addicts Must Go!,"The Korean Drama that left the biggest impact on Namsam Tower to me is Legend of the Blue Sea! If you're a fan like me, don't miss this!

Remember the scene when Sim Cheong told Heo Joon Jae to meet at Namsam Tower on the next first snow? She walked up the hill and he drove up but she got into an accident and didn't make it to the top. You definitely don't want to miss Heo Joon Jae. So let me share with you a tip: How to get to N Seoul Tower!

Search on Kakao Map/Google Map: Namsan Ormi Elevator (Bottom Entrance) in my opinion this is the easiest way to get up! The Elevator is like a tram train, you'll be able to enjoy the surrounding view on your way up. Then follow the crowd and you'll get to N Seoul Tower!

When leaving N Seoul Tower back to the city, i recommend to catch a bus to the nearest station depending on your next destination. The bus stop is just a stone throw away by walking down a short slope, do look out for bus stop signs :)",May 2019,50
N Seoul Tower,Excellent,"The views are amazing, but I also really recommend walking up and down the hill instead of the cable car if you can.

It's a long climb but so worth it, especially if you go at sunset. You'll also skip the long cable car queues this way.",December 2019,50
N Seoul Tower,N Seoul Tower views!,"Namsan Seoul tower or Seoul tower or the radio tower is a popular tourist spot in the heart of Seoul, close to Myeongdong. It is located on top of a mountain and is accessible by road/cable car/a hike. Prefer going in the evening to catch a glimpse of sunset & night time of Seoul.
However, it gets crowded & boarding a cable car would be a long wait. A whole lot of love padlocks are put up in the rails & it was mind blowing to see them locked for years together.
You can see a lot of people struggling to pose and snap the whole tower in the picture. This was fun to watch.

View point for photo-op/usual convenience stores/snack bars/restrooms/souvenir shop are available at the top.",September 2019,50
N Seoul Tower,Great View,Great view after a power walk through Namsan Park. Loved the views of the city in all directions. Gorged myself on gummy candies from the candy store.,December 2019,50
N Seoul Tower,must try,this place had 360 degree vies of seoul.best time to visit is afternoon until night to see the lights at night,November 2019,50
N Seoul Tower,Korean Drama Addicts Must Go!,"The Korean Drama that left the biggest impact on Namsam Tower to me is Legend of the Blue Sea! If you're a fan like me, don't miss this!

Remember the scene when Sim Cheong told Heo Joon Jae to meet at Namsam Tower on the next first snow? She walked up the hill and he drove up but she got into an accident and didn't make it to the top. You definitely don't want to miss Heo Joon Jae. So let me share with you a tip: How to get to N Seoul Tower!

Search on Kakao Map/Google Map: Namsan Ormi Elevator (Bottom Entrance) in my opinion this is the easiest way to get up! The Elevator is like a tram train, you'll be able to enjoy the surrounding view on your way up. Then follow the crowd and you'll get to N Seoul Tower!

When leaving N Seoul Tower back to the city, i recommend to catch a bus to the nearest station depending on your next destination. The bus stop is just a stone throw away by walking down a short slope, do look out for bus stop signs :)",May 2019,50
Insadong,Great shopping and arts area,"Insadong has loads of shops and galleries, loads of coffee houses and restaurants. The palaces are a shortish walk away as is the Hanok area which is also worth the trip.",November 2020,50
Insadong,The most charming street in Seoul,"Known as a traditional street and represents the culture of the past and present. It contains a mixture of historic and modern atmosphere, shops, cafes, good atmosphere.",November 2020,50
Insadong,Must Visit,Very good place for shopping and for lunch. You can buy Korean traditional products there and you can have traditional Korean lunch or dinner there.,September 2019,50
Insadong,Best place for souveniors!,"One of my favorite areas to shop! There's a shopping street lined with shops selling all kinds of traditional Korean crafts, gifts, and souvenir type items, and the prices were much lower than what you'd find in other areas. I particularly loved the little handcrafted purses. I bought several for my lady friends and they were the perfect size to fill with face masks and other goodies.
There is a fun and lovely three story shopping center called 'SS' with bright yellow walls that features a ton of super fun art installations and a lot of really cool shops. I visited this location several times because it was so cool and I loved the shops. At the top of it is the infamous 'poop; themed cafe where you can get a variety of toilet inspired desserts. It wasn't for me but I enjoyed giving it a peek. This area is definitely a must-visit if you like art and/or like to shop.",August 2019,50
Insadong,Insadong is a hidden gem,This area is sooo beautiful full of traditional korean houses(Hanoks) that turned into amazing restaurants and stores. A high end area. We spent most of our days there. It has everything you need or want. ‚ù§Ô∏è‚ù§Ô∏è,December 2019,50
Insadong,Hang Out Here for a Couple Hours,"Great place to hang out for a couple hours and just take in new encounters with delight. Every step is a new adventure here with people, culture, history, art, and the tacky.",September 2019,40
Insadong,The best place to feel the beauty of Korea,"Insadong was a place where we could feel the traditional beauty of Korea.
And Ssamji-gil in Insadong was a really beautiful place.
There were colorful lanterns everywhere.
I went to a cafe in Ikseon-dong nearby, and it was a remodeled hanok. I could feel the beauty of Hanok very well.",May 2020,50
Insadong,Very nice!,"This is a lovely street not far from the Main Palace of Gyeongbokgung. The street has nice shops with Korean souvenirs. Most shops sell cheap and not impressive souvenirs; however, there are some stores that sell delicate, fine, and expensive Korean souvenirs.

Restaurants are quite good and with an eclectic, casual atmosphere. We visited in the evening. It was relaxing. There were many Koreans and some tourists focused on last minute shopping. The street is not too long. It is 4-6 blocks. I recommend exploring the little lateral streets. You will find the best restaurants and shops in those.",September 2019,40
Insadong,calm beautiful place,"Insadong is calm beautiful place where you can enjoy the traditional Korean architecture buildings of and cultural atmosphere.

Many shops sell handcrafts and souvenirs, I bought many things from here.

This street is known for selling the traditional Korean Tea as well.

I really enjoyed my time there, it's a great escape from the busy city life.",November 2019,50
Insadong,Insadong,"I really like Insadong, not as crowded as Hongdae. What I like the most was it's ambience, artsy and peaceful. I went to Ssamzigil and it was really nice place! Instagramable and pretty.",February 2020,50
Insadong,A taste of culture,I wish we had a lot of time to spend here. We were in a tour and had a limited time to go around. Lots of food to taste. A lot of things to see. A lot of stores to shop. I'll come back for sure.,March 2020,50
Insadong,Quaint and Lovely Insadong,"I love Insadong quaint market - the small hallways that leads you to unique stores is a refreshing scenery from the busy streets of Myeondong and other shopping districts. The area also has restaurants and coffee shops that showcases delicious food - a resting place too if you wish to take a rest from going around. Somehow, it connects to Ssamziegil which also has a lot of shops - souvenirs, clothing, food and everything.",February 2020,40
Insadong,Pleasant Walking Street,"This is a nice neighborhood style shopping area. If weather is cooling, it‚Äôs a good half day walk through shops, cafe and restaurants.",July 2019,50
Insadong,Really nice to buy souvenirs and walk around,Nice area to buy nice stuff for our return... Handmade or tourists ones but that's OK üòä for instance we bought sets of Korean metal sticks and spoons for a very reasonable price which we did not find elsewhere.,February 2020,40
Insadong,Nice for Shopping but...,"Well, it is true that there are a lots of shopping and foods around.
It is nice to get a visit, but i personally prefer to go to Garosujil for shopping and MyeongDong for foods.
Desserve a tour if you never been there, but after few trips, i prefer Garosujil and MyeongDong.",January 2020,40
Namdaemun market,Okay,"It's not so easy to track if it's first time.
Little unmanagement, crowded and messy. However for experience Korean market is okay than really shopping.",August 2020,30
Namdaemun market,Dried Strawberries & Snacks Shopping,Went here mainly to buy dried food such as the famous freeze dried strawberries and cuttlefish from Seoul Sanghwae. The market also sells various trinkets such as jewelries. Myeongdong is also a walk away.,February 2020,30
Namdaemun market,A market with everything,"I could spend days browsing through Seoul's famous Namdaemun Market, because they have everything, and it's Korean style. All from souvenirs, through food, snacks and beverages to wholesale. And all the way through, you meet smiling people. If you don't have days to spend there, at least give it a try of a few hours, it's worth it. And one more thing; It's clean, nice and clean and nice.
Don't miss it if you're in Seoul.",February 2020,50
Namdaemun market,Markets rock!,"My husband, son and I visited Seoul, South Korea for the very first time the end of January. Our Hotel, the Tmark Grand Hotel, was within walking distance of the Namdaemun Market and we visited it numerous times over the course of the week we were there.

I'm not a big shopper but I am a foodie and we ate in a couple of restaurants in the Market as well as sampling some of the street foods and I also purchased some Honey Butter Almonds, which are a very popular foodie souvenir to buy when in South Korea, at a lower price than if you go to an actual shop that specializes in them (of which there are MANY). :)

I love Night Markets. Coming from Canada I can't get enough of them when I visit Asia. Everything looks so FOREIGN! LOL! I saw all manner of fresh fruits for sale, spices, clothing, foodie treats, and much, much more.

The Market, which is the largest traditional Market in South Korea, has over 10,000 vendors, retailers and wholesalers. It is a dense maze of stalls and restaurants. One night while we were looking for a spot to get some dinner we came out of a back alley to be faced with a stunning Old City Gate right across the street which turned out to be Sungnyemun Gate, South Korea's #1 National Treasure. You honestly never know what is going to be around the next corner.

Merchants have been selling items near this location since 1414 AD!!!!! There is an information booth with people in it that do speak some English which is super helpful. They also have free maps so you can orient yourself. We went to the Information booth one evening for a restaurant recommendation and were pleased.

Just go wander.....it's uber fun!",January 2020,40
Namdaemun market,The ONLY Market Worthy of Attention in Seoul.,"Dear colleague travelers, here I leave you a review for the one and only market worthy of a visit in Seoul: The Namdaemun Market. Filled with excitement, strange and curious things, lots of interesting street food, raw food ingredients, music, clothing, souvenirs and its booming with people.

Still the rule of South Koreans is not to understand a word of English; but in this market like everywhere in South Korea; be ready for price rise as soon as they see you coming and being a non-Korean. Speculation is in the air.

Most of the things you'll be able to buy when it comes to clothing and souvenirs; is cheap worthless Chinese crap. But concentrate on the raw products and on the street food. At least prices are exposed and the prices are the same for foreigners and locals alike.

Just walk around (watch your pockets) as there are some suspicious persons in the area. Don't spend much (you will be tempted) but remember most of the souvenirs globally are cheap Chinese products that you'll end up throwing away.

In Korea you need to concentrate on walking a lot as there is plenty to walk, take fresh air, don't spend on garbage, have some curious food and the points of Interest are to be museums, palaces and all related to this activities. (museums and monuments, places, etc are really cheap). This is my advise.

We recommend this market as the ONLY one worth. The rest is just copy and paste.",January 2020,50
Namdaemun market,Shop till you drop,"Must visit. Nice and busy market. Get yourself a signature stamp, facial masks, sock (and more socks) and stuff. Good food on the go as well plus a beer to keep your sanity. Sops inside and outside. Highly recommended.",June 2019,50
Namdaemun market,Mostly shops,"Mostly shops and a lot are the same. Lots of clothes, socks, bags, etc. Some streetfood. Try the dumplings!",January 2020,30
Namdaemun market,Good Market for Bargains,This is a huge market running over several streets. keep your bearings as you can easily get confused and lost. It is a good place to look for clothing and diverse goods at low price. Can get some good souvenirs as well. A very interesting place to visit. It is walking distance to Namsan Park. So both can be visited in a day trip.,November 2019,30
Namdaemun market,Time to go shopping,"Can't find that one thing or forgot something -- this is the market for everything and more. You will love it -- and never, never bored (but does get busy after 10 a.m.).",December 2019,50
Namdaemun market,!,"A very busy market. It is interesting to keep you entertained. Only problem is communication barrier. Koreanshardly speak English, becomes a problem especially when you are in the restaurants eating.",April 2019,40
Namdaemun market,Shopping!,"A local market where you can find many shops selling souvenirs, snacks and fashion. It includes many streets with different zones. Enjoy strolling along the streets.",November 2019,50
Namdaemun market,For foreigners,"If you live in a country where there is no big markets stalls like this, then this may be an interesting place to visit.",January 2020,30
Namdaemun market,Experience the real market,"The place was packed with stalls selling clothes, food, souvenirs. They are lot cheaper than at Myeongdong. The food is much on the street food options. Try the egg bread, or the hotteok.",December 2019,40
Namdaemun market,It‚Äôs a market,"Nothing special about this particular market, probably a bit more exciting at night but none of the stores are particularly unique or interesting. I am sure you can find more lively markets out there.",December 2019,30
Namdaemun market,Souvenir jackpot,We came here thinking it would be more like the Myeongdong shopping area. It‚Äôs not terrible but just wasn‚Äôt what we expected. It is a great place to buy souvenirs for cheap.,December 2019,30
seoul city wall trail,Where History Meets the Modern City,"Wherever you look there is a hidden piece of history. In the heart of Seoul you can find Hanyang Doseong, a 600-year-old fortress that once protected the powerful Hanyang, Seoul‚Äôs name during the Joseon dynasty. Comprising 18.6 km, the fortress extends across the four main mountains in Seoul: Bugaksan Mountain, Naktasan Mountain, Namsan Mountain and Inwangsan Mountain Currently 12km of length are displayed as a touristic site.

Hanyang Doseong was built under the order of the first king of the Joseon dynasty, Taejo of Joseon. The wall worked as fortress to protect his palace and the new established capital in Seoul. Many walls have been taken down since then; mainly because of the modernization of the city, the construction of the subway lines or because of the negligence of the governors during the Japanese Colonization. Thankfully, in 2012, Seoul Metropolitan Government established a department exclusively responsible for the wall, Hanyangdoseong Division, which manages the restoration and preservation of this historic landmark.
Whether you enjoy hiking trails, sightseeing, learning about history or you just simply want to wander around nature and let your thoughts flow, Hanyang Doseong is the perfect place for you! The best part about it is that there are many trails you can choose from. Depending on the historic sites you want to visit or how far you want to test your limits, the following are the courses Hanyang Doseong has been divided into.
1. Baegak Mountain Trail
Trail: Changuimun Gate ‚Äì Hyehwamun Gate
Distance: 4.7km
Duration: about 3 hours

2. Naksan Mounain Trail
Trail: Hyehwamun Gate - Heunginjimun Gate
Distance: 2.1km
Duration: about 1 hour

3. Heunginjimun Gate Trail
Trail: Heunginjimun Gate ‚Äì Jangchung Gymnasium
Distance: 1.8km
Duration: about 1 hour

4. Namsan Mountain Trail
Trail: Jangchung Gymnasium ‚Äì Baekbeom Square
Distace: 4.2km
Duration: about 3 hours

5. Sungnyemun Mountain Trail
Trail: Baekbeom Square ‚Äì Site of Donuimun Gate
Distance: 1.8km
Duration: about 1 hour

6. Inwangsan Mountain Trail
Trail: Site of Donuimun Gate
Distance: 4km
Duration: about 2 hours and 30 minutes

You can find this and more information in the official website for Hanyang Doseong!

You should as well check out the different historic sites you can find while strolling around every trail. As I hiked the Naksan Mounain Trail, I was able to see the Hyehwamun Gate, the Naksan Park, the Jangsu Village and the Heunginjimun Gate. Depending on the course you follow, you could either get to the famous Namsan Tower or Namdaemun Market.

I had the opportunity to visit this historic site thanks to Funday Korea Networks, a platform that brings foreigners together to promote Korea‚Äôs historic heritage, food and festivals. If you are a foreigner living in Korea or you‚Äôre a traveler passing by, I totally recommend visiting their website and participating in their events. You will live a unique experience and meet new friends!

As you can see in my pictures, visiting Hanyang Doseong along with friends is a really fun idea! Even if you happen to stumble upon a cloudy Seoul as I did, you can have lots of fun learning about history, enjoying the remains of an ancient location without leaving the city.

Once you reach the Heunginjinmun Gate, which means you finished the Naksan Mounain Trail, you can easily find the famous shopping center Dongdaemun Market. Once there, some of the nearby landmarks of Seoul you can find are: the Cheonggyecheon Stream, the Pyounghwa Fashion Plaza and . This fusion between the past and the present is right where history meets the modern city!

For visiting Naksan Mounain Trail you can take the subway up to Hansung Universty Station Exit 4 or Hyehwa Station Exit 1. The course ends in near Dongdaemun Station Exit 10, where you can take the subway to go home or to continue your next adventure in Seoul!",July 2020,50
seoul city wall trail,A historic and cultural must-see,"Hanyang Doseong, Seoul City Wall, was built over 600 years ago. The historic wall can reach up to 8 meters high and winds around (within) north Seoul for 18.6 kilometers. Over seventy percent of the wall is originally preserved, and bears witness to four centuries of Korean history. I learned about the rich history of what the wall meant to the people of Korea from reading our booklet. In the past, anyone that died had to be buried outside of the wall.... for the wall was considered to be a sort of circle containing life. People journeying to Seoul could see the wall as a landmark and many scholars would venture along the whole length of the wall. The wall has six unique trails to venture along, each with unique, breathtaking views of Seoul city from different angles. I would recommend taking all six trails to feel the deep history of the wall and do take in new views of Seoul. You can also enjoy beautiful artwork and sculptures on your way down the trail. You can travel alone to embark on a thoughtful journey or with friends to enjoy a refreshing excursion among the wall. Either way you can join a cultural and historic journey and also enjoy seeing the modern bird‚Äôs-eye views of Seoul.. It‚Äôs a must-see... visit Hanyang Doseong, where you can feel the heartbeat of historic and modern Korea.",July 2020,50
seoul city wall trail,2 day hike around the walls and sights,"We started in the east, walked south the Namsan and then finished for the day in the west. Top of Nanshan was about 1/2 way and perfect for a break and coffee at top (plenty of choices of cafes). The southern section is the most tricky to follow as little of the wall remains and signs are few in places. Approx. 9km.
Day 2 we picked up where we left off, heading north and getting a peak done and then coffee in the valley then up the main hill. Nice cafes in the final 2 km.
Suitable for kids who can walk well and those that enjoy stairs! Fine for folks who are worried about heights - no nerve-wreaking sections here. Some exposed sections so hat needed and take care in wind.",May 2020,40
seoul city wall trail,Only 12 miles but it's hard,The city wall walk is only 18km about 12 miles but there is a lot of us and downs. Not very easy to follow in places so the information sheet is very useful to keep you on the right trek.,March 2020,50
seoul city wall trail,Hanyangdoseong,Hanyangdoseong was built to safeguard Hanyang (Seoul) in Joseon dynasty. It was guarding the city for more than 500 years. Worth a visit.,October 2019,40
seoul city wall trail,Good Excursion for your Legs,Came here from Ihwa Mural Village on my way to Dongdaemun by foot. I was there almost towards the end of sunset and it was beautiful. Got a good exercise climbing up to one of the spot to take photos and it reminded me of the last scene of K-drama Memories of Alhambra~ :),September 2019,40
seoul city wall trail,Excellent walk to see Seoul,Visited the Naksan to Dongdaemun section of the wall. The views were amazing and we were able to see a quieter side of Seoul. this section is an easy walk suitable for people of all ages.,November 2019,40
seoul city wall trail,it's a toss up,"because of the obsessively stubborn cultural korean way, you may regret going in this 'excursion' if having small children; once you start your walk on the perimeter, they won't let you out & also even check your passport at some point when going by the blue house (the korean white house)..",April 2019,30
seoul city wall trail,really good,Did a fair bit of the walk and found it really good and as you walk higher up you get great views. You will find nice little cafes and viewing points for great photos.,October 2019,50
seoul city wall trail,Nice to explore around,"Take the subway to Dongdaemun station and you will see the Southern Gate and the wall. It is part of the wall that surrounds the whole ancient city around Seoul. There are local stores and roadside peddlers selling local food and products. Stop by and try their local odeng (fishcake in clear soup), topokki (rice cakes in slightly spicy gravy), local sausages, which seems to be available everywhere. Nearby you can see the the Dongdaemun Design Plaza (like a structure from a Star Trek movie) and various shopping malls including duty free malls (without the tobacco and liquor).",November 2019,40
seoul city wall trail,Steep hike to breathtaking views,"Attempted to reconnect with nature with a hike to Seoul city wall after a work trip, the path up was made easier with the cold of winter. Superb view of Seoul city from the TOP!",December 2019,40
seoul city wall trail,A Highlight!,There are many sections of the city wall to follow. I chose the portion leading up Mt. Namsan to the N.Seoul Tower in Namsan Park. It was a section of about 500m beyond the cable car station and traversed a beautiful idyllic forest with the momiji autumn leaf colour change. An altogether peaceful setting. Viewing platforms allow better views of the city sections and former defenses.,November 2019,50
seoul city wall trail,"Not the Great Wall, but nice views of the city","Recommend going in the evening, as the city views are nice and the gate across the street is lit up nicely.",November 2019,40
seoul city wall trail,Beautiful piece of old Seoul in the heart of an ultra modern city,Right in the heart of Dongdaemun is this piece of of history that you must check out. It's a two minute climb up from near Heunginjimun gate. The view from up here is amazing. For the best experience go up before the sun sets and watch the lights of the city come on from up there.,November 2019,50
seoul city wall trail,Great outing!,"We spent a day walking one section of the Seoul City Wall. Public transport to the Changuimum Gate was easy and straightforward and there were a couple of sweet little cafes near the gate, so we stopped for lunch and coffee. Once we started walking, it was up, up, up to a point with lovely views of the city. The only downside of this section was that it abuts a military base so photography was prohibited. Overall, though, it was a sweet way to spend a few hours, taking in the sights and the beautiful autumn leaves!",October 2019,50
Dongdaemon Design Plaza(DDP),"Lights, ready and action!","I spent an hour and half walking and admiring, in the night, this structure that was designed by late Zaha Hadid, an Iraqi-born British world-renowned architect. It has certainly inspired me on the ‚ÄúDream, Design and Play‚Äù (DDP) concept behind the Dongdaemun Design Plaza (DDP).

Getting there: Take Subway Line 2, 4, 5 to get to Dongdaemun History & Culture Park Station and then take exit 1, which is connected to the DDP. Once you walk out the exit of subway station, the DDP just on the left. Climb the lighted stairs to reach the street level for appreciation of DDP.

The attraction:
If you are at the DDP during the day, I would recommend a walk around the DDP to appreciate of the unique architecture of the structure ‚Äì it is built on curves and I did not see any sharp corner and long straight walls! It is mentioned that over 40,000 aluminium panels cover the DDP exterior of which none is the same. I would also recommend a walk inside the DDP - consists of a sky lounge, rest area, souvenir shop and 5 exhibition halls: Art Hall, Museum, Design Laboratory, Oullim Square and Dongdaemun History & Culture Park.

It is at night when the DDP really came alive! The lightings simply accentuate and dazzle the structure. Most of the yellow-white lightings even ‚Äúmoved‚Äù where these gradually intensified and then dimmed again. Participating in the ‚Äúnight life‚Äù is the Rose Garden with a total of some 25,550 LED roses.

Not only the architecture dazzled at night, the artistic talent was also on show when I saw and heard 2 different pianists playing the 2 pianos located in the open.

I walked across to the apM Place Shopping Mall and took the elevator to a high floor to get a bird‚Äôs eye view of DDP. I think you can also get a nice view from the high floor of other buildings (for example the Lotte Fitin Shopping Mall)

Overall, I enjoyed Dongdaemun Design Plaza (DDP) in the night more than in the day. Nevertheless, this is one iconic landmark in Seoul that you would not want to miss! It is no wonder that many Korean dramas were filmed here as well, including ‚ÄúYou Who Came from the Stars‚Äù, ‚ÄúProducer‚Äù and ‚ÄúShe Was Pretty‚Äù.",November 2019,50
Dongdaemon Design Plaza(DDP),Massive design and art center,"DDP is Zaha Hadid design and definitely the icon of Dongdaemun. There are a couple of subway stations that stop directly underneath or nearby, hence easy to get to. The Plaza overall is quite large in size, with shops, exhibitions and art installations. There are leaderboards with maps in many locations hence easy to find your way around. Nearby DDP are underground shopping, night markets, Dongdaemum Gate, a couple fo hotels and plenty of shops and restaurants. Dongdaemun and DDP are must visit sights when in Seoul.",July 2020,40
Dongdaemon Design Plaza(DDP),Fascinating,Zaha Hadid‚Äôs Dongdaemun Design Park &Plaza is the highlight of my trip to South Korea. We arrived in the evening and there was a performance with music and high tech projections on the walls of the building. We really felt like being in the center of arts and technology! Breathtaking ! Strongly recommend!,December 2019,50
Dongdaemon Design Plaza(DDP),Gorgeous Architecture!,"I enjoyed a really lovely and romantic (despite being by myself) walk through this area late one evening. All of the shops were closing up, including the street vendors but it was still great for an evening stroll.",July 2019,50
Dongdaemon Design Plaza(DDP),Memorable design,I visited there two times. The structure of this architecture is so dynamic that I felt like I'm in city rather than architecture. It was memorable,December 2019,50
Dongdaemon Design Plaza(DDP),Nice design,"I went there two times, AM and PM. The night scenery is so beautiful. So many places to take photos. Outside the building, there are roses being displayed (actually for kdrama shooting, but somehow they left it there as it become famous with tourists). I would like to recommed coming here during the night.",October 2019,40
Dongdaemon Design Plaza(DDP),Worth a visit,"Definitively worth a visit, especially if you are interested in design and arts.
Depend on what exhibition will be held during your visit, but even without interesting exhibition, you can visit the building during a sunny day.",January 2020,40
Dongdaemon Design Plaza(DDP),So much potential....,"From the outside amazing architecture; just simply amazing but as soon as you step inside the magic disappear rapidly.

The space seems to be very poorly used and there is so little design that you wonder where you are.

So much potential totally wasted.",February 2020,30
Dongdaemon Design Plaza(DDP),Weird and Fun Place,"Weird and cool architecture, just walk around outside and inside for awhile and get lost. Some cool exhibits, food, and shops!",December 2019,50
Dongdaemon Design Plaza(DDP),Nice and big building,Nothing much here but nice walk around. It surroundings by few shopping complex which offering various types of things. There is food truck (night market) and performances during weekend if not mistaken. Please check before you go.,October 2019,40
Dongdaemon Design Plaza(DDP),Nice designe,"Modern building, interesting construction, rice lights every nights, them exhibitions almost every month. Just see it",February 2020,40
Dongdaemon Design Plaza(DDP),The Humanistic Art of Architecture,"A short walk from the JW Marriott Dongdaemun Square Seoul leads to one of the world‚Äôs most impressive and incredible architectural designs, the free flowing futuristic structure of the Dongdaemun Design Plaza (known as the DDP) where history marries the present and embraces the future.
Designed by the late internationally acclaimed Pritzker Architecture Prize recipient, visionary Zaha Hadid, Dongdaemun Design Plaza, frequented by both tourists and locals, greets all with the notable humanistic art of architecture.
It imparts a feeling of liquid, fluid metal.
Seoul, the capital city of South Korea, home to 10 million people, is a modern world mega-city, designated in the year 2010 as the ‚ÄúWorld Design Capital.‚Äù It is indeed fitting that he Dongdaemun Design Plaza so elegantly captures the beauty and energy of Seoul.

The Dongdaemun Design Plaza is home to the Dongdaemun History and Culture Park, featuring the Dongdaemun Relic Area 2, an archaeological site discovered at the former baseball field of the Dongdaemun Stadium Complex, yielding knowledge about the life of Korean people during the Joseon period.
The tile-paved path believed to relate to the Japanese colonial period connects the building sites and the Well Site and Fireplace Feature depicted along the path.
The dual-languages of the signage of the site are Korean and English.
In the midst of this extraordinary mega-city of Seoul, resides peace and tranquility.

The Dongdaemun Design Plaza also is home to eateries, coffee shops, art, gigantic sculptures, a rooftop park, bi-lingual tours of the Dongdaemun Design Plaza, and so much more to experience.",January 2020,50
Dongdaemon Design Plaza(DDP),"A Modernistic Piece of Art, and Architecture as well as Technology.","There is very little I can tell you about this outstanding and gorgeous piece of engineering and architecture. Designed by world renowned architect, Zaha Hadid who is an Iraqi/British citizen..

The place has conveniently allocated metro entrances beneath the structure. I think 3 to be precise. Before you get to the building there is a mayor plaza and a walking street/ramp that leads you to the heart of it. The entrance is beneath the full structure.

The DDP of its name means: Dongdaemun Design Plaza (DDP) has the meaning of 'Dream, Design and Play' as far as I was informed. The place is also famous and renowned for it has staged diverse cultural events including exhibitions, fashion shows, product launch shows, forums and conferences.

DDP's exterior features over 40,000 aluminum panels, none of which are the same. As I mentioned before the plaza is home to various exhibition spaces, design museum, sky lounge, rest area and a souvenir shop.

Is really a beauty of Art, and Architecture as well as Technology. We recommend it for a casual visit, to attend an event or if you are all of the above; artist, architect or engineer. You'll be mesmerized.",January 2020,50
Dongdaemon Design Plaza(DDP),DDP LED Rose Garden,DDP LED Rose Garden is closed when we get there. :( So frustrated not to find it while thinking that it should be where it should be. Didn't get any review or advise online that it will be closed so sharing this post which hopefully would help those who plan to go to DDP to see this LED Rose Garden. Please check operating hours or any announcement before you go.,January 2020,30
Dongdaemon Design Plaza(DDP),Misleading information!!,"The website or it's advertising stresses to get here at dusk! However by dusk only a few shops are open!
The Plaza would be busier if your opening times were more precise. Architecturally the structure is definitely
worth visiting, the design is exciting and futuristic! The interior seems unfinished and lacking in spatial flow.",January 2020,30
Hongik University,Cool to see,Being a foreigner to see who young college students live and socialize was neat experience. I would reccommend seeing the area.,October 2019,40
Hongik University,More locals than tourists,This young and vibrant shopping district has more locals than tourists compared to Myeongdong. There are more shoppings and it is a good place to understand the local culture. There are no lack of restaurants in Hongdae.,November 2019,40
Hongik University,typical korean eating/drinking area,"a typical korean college area, sometimes super crowded. it has some street performers and unusual shops but basically it's a place with the typical korean socializing and eating/boozing culture.",February 2020,30
Hongik University,Vibrant and Trendy,"This is a place for you to laidback and have some fun.
Just stroll around the area and you will find many things that very hip and trendy.

We take 3 night stay in Hongdae area just to enjoy the vibes.
And for me personally, its way better than in Myeongdong area that is very touristy.
In Hongdae, you can enjoy more variety of restaurant, some bar to sip a bottle of Soju in the winter night. Even you can shop some cosmetics (which is the same store that you can find in Myeongdong!)

The street itself also quite artsy with some mural and street performance during night.
So if you want to know the other side of Seoul that is more interesting, just stay in Hongdae!",January 2020,50
Hongik University,Young people heaven,"This place never sleeps! It is filled with mostly teenagers and young adults as there is a variety of things to do here from street shopping, eating real good Korean bbq and bingsu, taking booth photos and drinking/clubbing.

You can be sure to see youths awake even at 5am and during the weekends even restaurants are packed at that hour. Definitely worth checking it out if you need supper and like the night scene.",January 2020,50
Hongik University,A street of youths !,Lively youths and cute fashionable cafes and shops along the streets where the local youths hangout .,December 2019,50
Hongik University,Trendy shops and side streets,"This place is worth a visit, we bought three jumpers for around ¬£6 each and the quality was pretty good. Lots of cheap clothes shops and boutiques.",December 2019,40
Hongik University,Lively neighbourhood with loads of eateries and shops,"This is a nicer place to eat and shop compared to Myeongdong. Things here are much cheaper. We tried the Noonaholdak Oven Baked chicken - it was delicious! Pauline Pancake which is closer to the university area also is a must must try. The pancake is so soft, fluffy, light and melts in your mouth!",December 2019,50
Hongik University,Nice trendy place with youngster,"It so a nice trendy place for youngster. Lots of food. We stayed in an AirBnB at Hongik. Nice neighborhood with lots of nice cafe. One of it is the Bread Comma, must visit if your are there. I would rate it 5/5.

Just nearby is the Hondae with lots of young people during the weekends. And your can also find the famous Kyochon chicken there too.",December 2019,50
Hongik University,"Young, Fun, Cool","If I only had one night in Seoul, this is where I'd go, no question. There's shopping, dining, street food, arcades, bars, clubs, photo booths, noraebang (karaoke rooms), and I'm sure so much more that I didn't see!",December 2019,50
Hongik University,Vibrant street filled with shopping and performance,Really nice shopping street especially at night time when the shops are fully open and talented performers lined the street showing off their dance moves and singing talent. Great place to shop for apparels and accessories.,December 2019,50
Hongik University,5/5,"A wide plethora of food options ranging from fusion to authentic korean food. Do not expect any luxury shopping but a great place to look for affordable items to purchase, especially when it comes to korean snacks and smaller accessories",November 2019,50
Hongik University,Super hip vibe,"We came in a Friday night for dinner then we strolled and soaked up the local vibes. There were lots of street performers: singing, K-pop dancing, etc. Lots of street food and pop up vendors. Enjoy the street culture.",November 2019,50
Hongik University,Great Place to Checkout!,"This is an incredible area of Seoul worth checking out. If you are young and visiting Seoul for the first time, I would also suggest staying in the Hongdae area, it's really never a dull moment here even at night time. Amazing restaurants that are very affordable, cheap street food and of course arts as well. You can also check out the Hongdae Free Market on Saturdays.",December 2018,50
Hongik University,lively and great for teenagers,"it was a ncie street, full of cute lil things. it is basically for teenagers especially for girls. They have many quaint lit shop that sell cosmetic, jewelleries, accessories and clothings too.",December 2018,50
